sleep_day,awake_duration_mins,asleep_unspecified_duration_mins,asleep_core_duration_mins,asleep_rem_duration_mins,asleep_deep_duration_mins,total_sleep_duration_mins,total_time_in_bed_mins,sleep_period_start,sleep_period_end
2022-09-14,2.5,0.0,215.0,109.0,56.5,380.5,383.0,2022-09-14T23:37:37.000000+0000,2022-09-15T05:32:07.000000+0000
2022-09-15,2.5,0.0,269.5,111.0,81.0,461.5,464.0,2022-09-15T22:17:02.000000+0000,2022-09-16T05:58:02.000000+0000
2022-09-16,18.5,0.0,232.5,105.5,94.0,432.0,450.5,2022-09-16T22:30:17.000000+0000,2022-09-17T05:59:17.000000+0000
2022-09-17,15.0,0.0,265.5,127.5,51.5,444.5,459.5,2022-09-17T22:52:32.000000+0000,2022-09-18T06:30:32.000000+0000
2022-09-18,7.0,0.0,229.5,79.0,62.0,370.5,377.5,2022-09-18T23:13:29.000000+0000,2022-09-19T05:17:59.000000+0000
2022-09-19,3.0,0.0,227.5,111.5,60.5,399.5,402.5,2022-09-19T23:19:08.000000+0000,2022-09-20T05:40:38.000000+0000
2022-09-20,3.0,0.0,252.5,79.5,87.0,419.0,422.0,2022-09-20T23:00:14.000000+0000,2022-09-21T05:30:44.000000+0000
2022-09-21,6.0,0.0,278.5,143.0,75.0,496.5,502.5,2022-09-21T21:37:02.000000+0000,2022-09-22T05:57:32.000000+0000
2022-09-22,4.0,0.0,300.5,97.5,57.5,455.5,459.5,2022-09-22T22:33:32.000000+0000,2022-09-23T06:12:02.000000+0000
2022-09-23,1.0,0.0,230.0,115.5,70.5,416.0,417.0,2022-09-23T23:13:22.000000+0000,2022-09-24T05:49:22.000000+0000
2022-09-24,8.0,0.0,295.0,112.0,75.0,482.0,490.0,2022-09-24T23:46:24.000000+0000,2022-09-25T07:11:24.000000+0000
2022-09-25,7.0,0.0,248.0,101.5,43.5,393.0,400.0,2022-09-25T23:23:02.000000+0000,2022-09-26T05:56:32.000000+0000
2022-09-27,26.5,0.0,294.0,83.5,45.0,422.5,449.0,2022-09-27T22:35:41.000000+0000,2022-09-28T06:02:41.000000+0000
2022-09-28,8.0,0.0,184.5,74.0,80.5,339.0,347.0,2022-09-29T00:23:32.000000+0000,2022-09-29T06:02:02.000000+0000
2022-09-29,8.5,0.0,251.0,107.0,41.5,399.5,408.0,2022-09-29T23:19:41.000000+0000,2022-09-30T05:46:11.000000+0000
2022-09-30,1.0,0.0,282.0,135.0,74.5,491.5,492.5,2022-09-30T22:51:59.000000+0000,2022-10-01T06:55:29.000000+0000
2022-10-01,5.5,0.0,242.5,90.5,69.0,402.0,407.5,2022-10-02T00:13:03.000000+0000,2022-10-02T06:45:33.000000+0000
2022-10-02,9.5,0.0,222.5,75.0,79.0,376.5,386.0,2022-10-02T23:50:02.000000+0000,2022-10-03T06:15:02.000000+0000
2022-10-03,13.5,0.0,192.0,20.5,56.0,268.5,282.0,2022-10-03T23:39:11.000000+0000,2022-10-04T04:18:11.000000+0000
2022-10-04,1.0,0.0,193.0,77.0,55.5,325.5,326.5,2022-10-04T22:45:29.000000+0000,2022-10-05T04:09:29.000000+0000
2022-10-05,3.0,0.0,238.5,137.5,58.0,434.0,437.0,2022-10-05T23:14:10.000000+0000,2022-10-06T06:13:10.000000+0000
2022-10-06,39.0,0.0,255.0,90.5,66.5,412.0,451.0,2022-10-06T22:25:44.000000+0000,2022-10-07T05:54:44.000000+0000
2022-10-07,0.0,0.0,240.0,135.5,74.0,449.5,449.5,2022-10-07T23:50:47.000000+0000,2022-10-08T07:19:17.000000+0000
2022-10-08,8.0,0.0,250.5,84.0,47.0,381.5,389.5,2022-10-08T23:32:02.000000+0000,2022-10-09T05:54:02.000000+0000
2022-10-09,5.0,0.0,254.0,110.0,54.0,418.0,423.0,2022-10-09T22:59:26.000000+0000,2022-10-10T05:34:56.000000+0000
2022-10-10,10.5,0.0,313.0,88.0,50.0,451.0,461.5,2022-10-10T22:19:44.000000+0000,2022-10-11T05:47:44.000000+0000
2022-10-11,13.0,0.0,255.5,116.5,80.5,452.5,465.5,2022-10-11T22:12:31.000000+0000,2022-10-12T05:25:31.000000+0000
2022-10-12,9.0,0.0,238.0,91.5,38.0,367.5,376.5,2022-10-12T23:25:06.000000+0000,2022-10-13T05:32:06.000000+0000
2022-10-13,63.0,0.0,271.5,102.0,51.0,424.5,487.5,2022-10-13T22:03:30.000000+0000,2022-10-14T06:06:00.000000+0000
2022-10-14,9.0,0.0,289.0,146.0,50.0,485.0,494.0,2022-10-14T21:24:44.000000+0000,2022-10-15T05:31:14.000000+0000
2022-10-15,5.0,0.0,206.0,104.0,60.5,370.5,375.5,2022-10-16T00:43:31.000000+0000,2022-10-16T06:57:31.000000+0000
2022-10-16,2.5,0.0,281.5,108.0,69.0,458.5,461.0,2022-10-16T22:27:24.000000+0000,2022-10-17T05:46:24.000000+0000
2022-10-17,1.5,0.0,197.5,91.0,72.5,361.0,362.5,2022-10-17T23:04:02.000000+0000,2022-10-18T04:56:02.000000+0000
2022-10-18,0.0,0.0,201.5,100.0,89.0,390.5,390.5,2022-10-19T00:38:18.000000+0000,2022-10-19T06:21:18.000000+0000
2022-10-19,22.0,0.0,293.0,120.0,66.0,479.0,501.0,2022-10-19T22:03:37.000000+0000,2022-10-20T06:23:07.000000+0000
2022-10-20,2.5,0.0,292.5,99.0,66.0,457.5,460.0,2022-10-20T22:21:02.000000+0000,2022-10-21T05:45:32.000000+0000
2022-10-21,7.5,0.0,208.5,75.0,55.5,339.0,346.5,2022-10-22T00:21:42.000000+0000,2022-10-22T06:03:12.000000+0000
2022-10-22,14.0,0.0,280.0,90.5,69.5,440.0,454.0,2022-10-22T22:54:01.000000+0000,2022-10-23T06:26:31.000000+0000
2022-10-24,4.0,0.0,249.5,86.5,52.0,388.0,392.0,2022-10-24T22:29:32.000000+0000,2022-10-25T04:58:02.000000+0000
2022-10-25,11.0,0.0,212.5,130.5,76.5,419.5,430.5,2022-10-25T22:00:02.000000+0000,2022-10-26T05:04:32.000000+0000
2022-10-26,5.5,0.0,297.5,89.0,66.0,452.5,458.0,2022-10-26T22:06:25.000000+0000,2022-10-27T05:13:55.000000+0000
2022-10-27,6.0,0.0,255.5,97.5,83.0,436.0,442.0,2022-10-27T22:00:26.000000+0000,2022-10-28T05:17:56.000000+0000
2022-10-28,3.5,0.0,233.5,81.5,60.0,375.0,378.5,2022-10-28T23:34:31.000000+0000,2022-10-29T05:44:01.000000+0000
2022-10-29,6.5,0.0,273.0,110.0,71.0,454.0,460.5,2022-10-29T22:33:43.000000+0000,2022-10-30T06:13:13.000000+0000
2022-10-30,8.0,0.0,224.0,86.5,59.5,370.0,378.0,2022-10-30T23:43:54.000000+0000,2022-10-31T05:30:54.000000+0000
2022-11-01,1.0,0.0,214.0,94.5,66.0,374.5,375.5,2022-11-01T23:54:49.000000+0000,2022-11-02T06:08:49.000000+0000
2022-11-02,8.0,0.0,121.5,115.0,46.0,282.5,290.5,2022-11-03T01:44:51.000000+0000,2022-11-03T06:31:21.000000+0000
2022-11-03,18.5,0.0,386.5,128.5,58.0,573.0,591.5,2022-11-03T21:37:01.000000+0000,2022-11-04T06:59:31.000000+0000
2022-11-04,2.5,0.0,242.5,109.0,57.0,408.5,411.0,2022-11-05T00:08:49.000000+0000,2022-11-05T06:58:49.000000+0000
2022-11-05,20.5,0.0,290.5,91.5,43.0,425.0,445.5,2022-11-05T22:54:31.000000+0000,2022-11-06T06:02:31.000000+0000
2022-11-06,5.5,0.0,214.5,69.0,81.5,365.0,370.5,2022-11-06T22:56:19.000000+0000,2022-11-07T05:02:49.000000+0000
2022-11-07,3.5,0.0,237.5,135.5,55.5,428.5,432.0,2022-11-07T22:48:41.000000+0000,2022-11-08T05:49:41.000000+0000
2022-11-08,6.0,0.0,267.5,130.0,80.5,478.0,484.0,2022-11-08T23:14:32.000000+0000,2022-11-09T07:15:02.000000+0000
2022-11-09,25.0,0.0,271.5,136.5,76.5,484.5,509.5,2022-11-09T21:50:01.000000+0000,2022-11-10T06:14:01.000000+0000
2022-11-10,4.0,0.0,192.5,84.5,57.5,334.5,338.5,2022-11-11T00:45:28.000000+0000,2022-11-11T06:22:58.000000+0000
2022-11-11,1.0,0.0,218.0,86.0,69.0,373.0,374.0,2022-11-11T23:47:35.000000+0000,2022-11-12T05:55:35.000000+0000
2022-11-12,12.0,0.0,421.5,127.0,54.5,603.0,615.0,2022-11-12T21:37:02.000000+0000,2022-11-13T07:51:02.000000+0000
2022-11-13,4.5,0.0,239.5,78.5,68.5,386.5,391.0,2022-11-13T22:57:31.000000+0000,2022-11-14T05:03:31.000000+0000
2022-11-14,6.0,0.0,233.5,114.0,63.5,411.0,417.0,2022-11-14T23:04:01.000000+0000,2022-11-15T06:00:01.000000+0000
2022-11-15,4.5,0.0,283.0,112.0,50.0,445.0,449.5,2022-11-15T22:29:37.000000+0000,2022-11-16T05:41:37.000000+0000
2022-11-16,14.0,0.0,243.0,86.5,57.0,386.5,400.5,2022-11-16T23:20:31.000000+0000,2022-11-17T05:56:31.000000+0000
2022-11-17,5.0,0.0,208.0,60.0,68.0,336.0,341.0,2022-11-18T00:20:01.000000+0000,2022-11-18T05:58:31.000000+0000
2022-11-18,5.0,0.0,295.0,131.0,56.0,482.0,487.0,2022-11-18T23:56:01.000000+0000,2022-11-19T07:15:31.000000+0000
2022-11-19,2.0,0.0,301.5,115.0,62.5,479.0,481.0,2022-11-19T23:50:43.000000+0000,2022-11-20T07:41:43.000000+0000
2022-11-20,6.0,0.0,172.5,62.5,73.5,308.5,314.5,2022-11-21T00:26:59.000000+0000,2022-11-21T05:32:29.000000+0000
2022-11-22,4.5,0.0,206.5,116.5,84.0,407.0,411.5,2022-11-22T23:34:01.000000+0000,2022-11-23T06:12:01.000000+0000
2022-11-23,8.0,0.0,234.5,93.0,61.5,389.0,397.0,2022-11-23T23:35:59.000000+0000,2022-11-24T06:03:59.000000+0000
2022-11-24,10.5,0.0,234.5,108.5,77.5,420.5,431.0,2022-11-24T23:25:26.000000+0000,2022-11-25T06:31:56.000000+0000
2022-11-25,9.5,0.0,122.5,54.0,62.5,239.0,248.5,2022-11-26T01:56:37.000000+0000,2022-11-26T06:04:07.000000+0000
2022-11-26,5.5,0.0,338.0,108.5,56.5,503.0,508.5,2022-11-26T23:48:28.000000+0000,2022-11-27T08:12:28.000000+0000
2022-11-27,18.0,0.0,197.0,57.0,67.0,321.0,339.0,2022-11-27T23:51:25.000000+0000,2022-11-28T05:27:25.000000+0000
2022-11-28,4.5,0.0,206.0,113.5,76.0,395.5,400.0,2022-11-28T23:29:59.000000+0000,2022-11-29T06:08:59.000000+0000
2022-11-29,0.0,0.0,219.0,114.0,75.5,408.5,408.5,2022-11-29T23:13:10.000000+0000,2022-11-30T05:36:40.000000+0000
2022-11-30,10.5,0.0,247.0,115.5,73.5,436.0,446.5,2022-11-30T22:38:32.000000+0000,2022-12-01T06:04:02.000000+0000
2022-12-01,25.5,0.0,201.0,83.0,106.0,390.0,415.5,2022-12-01T23:09:18.000000+0000,2022-12-02T05:59:18.000000+0000
2022-12-02,4.5,0.0,224.0,103.5,57.5,385.0,389.5,2022-12-02T23:37:14.000000+0000,2022-12-03T06:05:14.000000+0000
2022-12-03,2.5,0.0,286.5,104.0,69.0,459.5,462.0,2022-12-04T00:46:34.000000+0000,2022-12-04T08:25:34.000000+0000
2022-12-04,30.5,0.0,176.5,49.5,71.5,297.5,328.0,2022-12-05T00:11:01.000000+0000,2022-12-05T05:38:01.000000+0000
2022-12-05,2.0,0.0,213.0,86.5,52.5,352.0,354.0,2022-12-06T00:12:27.000000+0000,2022-12-06T06:02:57.000000+0000
2022-12-06,20.0,0.0,300.5,112.5,56.5,469.5,489.5,2022-12-06T22:15:37.000000+0000,2022-12-07T06:17:37.000000+0000
2022-12-07,21.5,0.0,146.5,67.0,73.0,286.5,308.0,2022-12-08T01:12:58.000000+0000,2022-12-08T06:19:58.000000+0000
2022-12-08,13.5,0.0,188.5,112.0,97.0,397.5,411.0,2022-12-09T00:19:31.000000+0000,2022-12-09T07:04:01.000000+0000
2022-12-09,8.0,0.0,227.0,107.0,56.0,390.0,398.0,2022-12-10T00:27:24.000000+0000,2022-12-10T07:00:54.000000+0000
2022-12-10,3.5,0.0,280.5,64.0,73.5,418.0,421.5,2022-12-11T02:23:18.000000+0000,2022-12-11T09:15:48.000000+0000
2022-12-11,25.0,0.0,208.0,67.0,58.5,333.5,358.5,2022-12-11T23:37:52.000000+0000,2022-12-12T05:32:22.000000+0000
2022-12-12,1.0,0.0,196.0,106.5,80.5,383.0,384.0,2022-12-12T23:51:55.000000+0000,2022-12-13T06:13:55.000000+0000
2022-12-13,0.0,0.0,213.5,127.0,35.5,376.0,376.0,2022-12-13T23:46:39.000000+0000,2022-12-14T05:16:39.000000+0000
2022-12-14,2.0,0.0,243.5,82.0,84.5,410.0,412.0,2022-12-14T23:09:14.000000+0000,2022-12-15T06:00:14.000000+0000
2022-12-15,7.0,0.0,145.0,67.0,63.0,275.0,282.0,2022-12-16T02:05:51.000000+0000,2022-12-16T06:44:21.000000+0000
2022-12-16,8.5,0.0,259.0,109.5,77.5,446.0,454.5,2022-12-16T22:45:02.000000+0000,2022-12-17T06:12:32.000000+0000
2022-12-17,8.5,0.0,229.0,72.0,71.0,372.0,380.5,2022-12-18T00:02:01.000000+0000,2022-12-18T06:11:31.000000+0000
2022-12-18,2.0,0.0,198.0,91.5,46.5,336.0,338.0,2022-12-19T00:07:19.000000+0000,2022-12-19T05:41:19.000000+0000
2022-12-19,2.5,0.0,211.0,101.0,73.5,385.5,388.0,2022-12-20T00:42:21.000000+0000,2022-12-20T06:22:21.000000+0000
2022-12-20,6.5,0.0,290.0,126.5,62.0,478.5,485.0,2022-12-21T01:11:09.000000+0000,2022-12-21T08:27:09.000000+0000
2022-12-21,2.0,0.0,174.5,60.0,49.5,284.0,286.0,2022-12-22T01:42:35.000000+0000,2022-12-22T06:26:35.000000+0000
2022-12-22,8.0,0.0,278.0,122.0,52.5,452.5,460.5,2022-12-23T01:52:16.000000+0000,2022-12-23T09:17:46.000000+0000
2022-12-23,19.5,0.0,186.5,96.5,77.0,360.0,379.5,2022-12-24T01:41:23.000000+0000,2022-12-24T07:59:53.000000+0000
2022-12-24,22.5,0.0,293.5,90.5,49.0,433.0,455.5,2022-12-25T02:02:04.000000+0000,2022-12-25T09:35:04.000000+0000
2022-12-25,9.5,0.0,265.0,76.5,67.5,409.0,418.5,2022-12-26T01:02:32.000000+0000,2022-12-26T07:29:32.000000+0000
2022-12-26,16.0,0.0,167.0,110.5,71.0,348.5,364.5,2022-12-27T01:55:58.000000+0000,2022-12-27T07:58:28.000000+0000
2022-12-27,19.5,0.0,278.5,86.5,53.0,418.0,437.5,2022-12-28T01:52:03.000000+0000,2022-12-28T09:08:33.000000+0000
2022-12-28,1.5,0.0,240.0,64.5,43.0,347.5,349.0,2022-12-29T02:11:52.000000+0000,2022-12-29T07:50:22.000000+0000
2022-12-29,91.0,0.0,160.0,25.0,49.5,234.5,325.5,2022-12-30T02:35:36.000000+0000,2022-12-30T07:53:36.000000+0000
2022-12-30,27.0,0.0,381.5,103.5,70.5,555.5,582.5,2022-12-30T22:18:57.000000+0000,2022-12-31T07:48:27.000000+0000
2022-12-31,2.5,0.0,223.0,94.5,56.0,373.5,376.0,2023-01-01T02:12:22.000000+0000,2023-01-01T08:23:22.000000+0000
2023-01-01,6.0,0.0,178.5,67.5,85.5,331.5,337.5,2023-01-02T01:23:38.000000+0000,2023-01-02T06:41:08.000000+0000
2023-01-02,1.5,0.0,251.5,102.0,60.5,414.0,415.5,2023-01-03T01:05:44.000000+0000,2023-01-03T07:24:44.000000+0000
2023-01-03,4.0,0.0,279.5,100.5,41.0,421.0,425.0,2023-01-04T01:06:26.000000+0000,2023-01-04T08:03:26.000000+0000
2023-01-04,5.0,0.0,182.5,85.0,86.5,354.0,359.0,2023-01-05T01:36:34.000000+0000,2023-01-05T07:34:34.000000+0000
2023-01-05,0.5,0.0,315.0,112.0,46.0,473.0,946.5,2023-01-05T23:37:02.000000+0000,2023-01-06T06:59:32.000000+0000
2023-01-06,5.5,0.0,229.0,126.5,60.0,415.5,836.5,2023-01-07T01:04:22.000000+0000,2023-01-07T08:04:22.000000+0000
2023-01-07,8.0,0.0,204.0,86.0,62.0,352.0,712.0,2023-01-08T02:28:32.000000+0000,2023-01-08T08:26:32.000000+0000
2023-01-08,12.5,0.0,202.0,33.5,63.0,298.5,609.5,2023-01-09T00:28:28.000000+0000,2023-01-09T05:35:58.000000+0000
2023-01-09,9.0,0.0,217.0,99.5,75.5,392.0,793.0,2023-01-09T23:33:00.000000+0000,2023-01-10T06:10:00.000000+0000
2023-01-11,0.0,0.0,203.0,103.0,52.0,358.0,716.0,2023-01-12T00:13:38.000000+0000,2023-01-12T05:57:38.000000+0000
2023-01-12,5.0,0.0,210.5,72.0,72.0,354.5,714.0,2023-01-13T00:22:32.000000+0000,2023-01-13T06:14:32.000000+0000
2023-01-13,0.0,0.0,158.5,51.0,78.5,288.0,576.0,2023-01-14T01:23:01.000000+0000,2023-01-14T05:45:01.000000+0000
2023-01-14,1.5,0.0,266.0,111.0,66.5,443.5,888.5,2023-01-15T01:59:53.000000+0000,2023-01-15T09:21:53.000000+0000
2023-01-15,27.5,0.0,196.5,80.0,60.5,337.0,701.5,2023-01-15T23:37:17.000000+0000,2023-01-16T05:40:47.000000+0000
2023-01-16,5.5,0.0,248.5,94.0,39.5,382.0,769.5,2023-01-16T23:42:38.000000+0000,2023-01-17T06:07:38.000000+0000
2023-01-17,0.5,0.0,206.5,78.0,85.5,370.0,740.5,2023-01-17T23:53:58.000000+0000,2023-01-18T05:50:58.000000+0000
2023-01-18,13.0,0.0,183.5,79.5,53.0,316.0,645.0,2023-01-19T00:42:09.000000+0000,2023-01-19T06:10:09.000000+0000
2023-01-19,4.5,0.0,224.5,100.5,89.0,414.0,832.5,2023-01-20T00:15:15.000000+0000,2023-01-20T07:03:45.000000+0000
2023-01-20,1.0,0.0,256.0,149.5,77.0,482.5,966.0,2023-01-20T23:40:46.000000+0000,2023-01-21T07:35:16.000000+0000
2023-01-21,9.0,0.0,295.5,89.5,50.5,435.5,880.0,2023-01-22T02:05:01.000000+0000,2023-01-22T09:27:31.000000+0000
2023-01-22,8.5,0.0,184.5,63.0,54.5,302.0,612.5,2023-01-23T00:48:54.000000+0000,2023-01-23T05:54:54.000000+0000
2023-01-23,1.5,0.0,189.0,81.0,85.0,355.0,711.5,2023-01-24T00:10:40.000000+0000,2023-01-24T06:03:10.000000+0000
2023-01-24,1.0,0.0,230.0,115.5,63.5,409.0,819.0,2023-01-25T01:11:05.000000+0000,2023-01-25T07:59:05.000000+0000
2023-01-25,3.5,0.0,237.5,61.0,47.5,346.0,695.5,2023-01-26T02:11:32.000000+0000,2023-01-26T07:18:32.000000+0000
2023-01-26,32.0,0.0,241.5,0.5,8.0,250.0,532.0,2023-01-27T00:35:48.000000+0000,2023-01-27T05:08:48.000000+0000
2023-01-27,3.0,0.0,250.0,78.0,56.5,384.5,772.0,2023-01-28T02:32:50.000000+0000,2023-01-28T08:32:50.000000+0000
2023-01-28,13.5,0.0,375.0,123.0,56.5,554.5,1122.5,2023-01-28T23:51:01.000000+0000,2023-01-29T09:12:31.000000+0000
2023-01-29,19.0,0.0,228.0,43.5,44.0,315.5,650.0,2023-01-30T00:06:01.000000+0000,2023-01-30T05:34:31.000000+0000
2023-01-30,43.5,0.0,297.0,81.0,67.0,445.0,933.5,2023-01-30T23:43:11.000000+0000,2023-01-31T07:44:41.000000+0000
2023-01-31,6.0,0.0,206.0,56.0,56.5,318.5,643.0,2023-02-01T00:41:39.000000+0000,2023-02-01T06:03:09.000000+0000
2023-02-01,41.0,0.0,187.5,71.0,72.5,331.0,703.0,2023-02-02T00:04:32.000000+0000,2023-02-02T06:13:32.000000+0000
2023-02-02,11.5,0.0,275.0,99.5,53.5,428.0,867.5,2023-02-02T23:57:46.000000+0000,2023-02-03T07:16:16.000000+0000
2023-02-03,2.5,0.0,225.5,119.0,62.0,406.5,815.5,2023-02-03T21:27:27.000000+0000,2023-02-04T03:25:57.000000+0000
2023-02-05,24.0,0.0,201.0,113.5,77.5,392.0,808.0,2023-02-05T23:13:33.000000+0000,2023-02-06T06:08:03.000000+0000
2023-02-06,16.0,0.0,278.5,127.0,55.5,461.0,938.0,2023-02-06T21:37:02.000000+0000,2023-02-07T05:12:32.000000+0000
2023-02-07,11.5,0.0,174.5,124.0,59.5,358.0,727.5,2023-02-08T00:00:22.000000+0000,2023-02-08T06:05:52.000000+0000
2023-02-08,1.5,0.0,193.5,101.0,72.5,367.0,735.5,2023-02-09T00:21:14.000000+0000,2023-02-09T06:10:14.000000+0000
2023-02-09,1.5,0.0,148.5,79.5,68.0,296.0,593.5,2023-02-10T01:22:12.000000+0000,2023-02-10T05:31:12.000000+0000
2023-02-10,1.5,0.0,218.5,123.5,82.5,424.5,850.5,2023-02-11T00:17:02.000000+0000,2023-02-11T06:50:32.000000+0000
2023-02-11,19.0,0.0,303.0,99.5,44.5,447.0,913.0,2023-02-12T00:11:36.000000+0000,2023-02-12T07:55:36.000000+0000
2023-02-12,11.0,0.0,234.0,98.0,81.0,413.0,837.0,2023-02-12T22:56:36.000000+0000,2023-02-13T05:48:06.000000+0000
2023-02-14,1.5,0.0,253.5,101.5,56.5,411.5,824.5,2023-02-14T23:07:35.000000+0000,2023-02-15T05:23:05.000000+0000
2023-02-15,4.5,0.0,235.0,84.0,58.5,377.5,759.5,2023-02-15T23:46:47.000000+0000,2023-02-16T06:02:47.000000+0000
2023-02-16,6.0,0.0,273.5,127.5,76.0,477.0,960.0,2023-02-16T22:12:33.000000+0000,2023-02-17T06:07:33.000000+0000
2023-02-17,27.5,0.0,309.0,132.0,62.5,503.5,1034.5,2023-02-17T21:37:01.000000+0000,2023-02-18T06:09:01.000000+0000
2023-02-18,9.0,0.0,294.0,90.0,66.0,450.0,909.0,2023-02-18T22:35:48.000000+0000,2023-02-19T05:34:48.000000+0000
2023-02-19,4.0,0.0,255.5,109.5,74.5,439.5,883.0,2023-02-19T22:38:01.000000+0000,2023-02-20T05:31:31.000000+0000
2023-02-20,4.0,0.0,269.0,109.0,48.5,426.5,857.0,2023-02-20T22:56:35.000000+0000,2023-02-21T05:32:05.000000+0000
2023-02-21,12.5,0.0,290.0,100.5,50.5,441.0,894.5,2023-02-21T22:26:13.000000+0000,2023-02-22T05:58:13.000000+0000
2023-02-22,2.5,0.0,270.5,128.5,62.0,461.0,924.5,2023-02-22T22:17:02.000000+0000,2023-02-23T06:00:02.000000+0000
2023-02-23,22.0,0.0,298.0,114.5,42.0,454.5,931.0,2023-02-23T22:08:05.000000+0000,2023-02-24T06:03:35.000000+0000
2023-02-24,2.5,161.0,0.0,0.0,0.0,161.0,324.5,2023-02-25T03:18:01.000000+0000,2023-02-25T05:54:01.000000+0000
2023-02-25,3.5,0.0,206.5,101.5,46.5,354.5,712.5,2023-02-26T00:03:36.000000+0000,2023-02-26T06:00:36.000000+0000
2023-02-26,4.5,0.0,229.0,64.5,44.5,338.0,680.5,2023-02-27T00:17:44.000000+0000,2023-02-27T05:59:14.000000+0000
2023-02-28,2.5,0.0,266.0,109.5,69.5,445.0,892.5,2023-02-28T22:34:02.000000+0000,2023-03-01T06:00:02.000000+0000
2023-03-01,3.0,0.0,273.5,111.5,82.0,467.0,937.0,2023-03-01T22:21:01.000000+0000,2023-03-02T06:03:01.000000+0000
2023-03-02,7.5,0.0,212.0,124.5,71.0,407.5,822.5,2023-03-02T23:14:55.000000+0000,2023-03-03T06:08:25.000000+0000
2023-03-03,45.0,0.0,235.0,97.5,70.0,402.5,850.0,2023-03-03T22:31:39.000000+0000,2023-03-04T05:38:09.000000+0000
2023-03-04,3.0,0.0,226.0,71.0,52.5,349.5,702.0,2023-03-05T00:09:37.000000+0000,2023-03-05T05:27:37.000000+0000
2023-03-05,111.5,0.0,144.5,99.0,54.0,297.5,706.5,2023-03-05T23:12:01.000000+0000,2023-03-06T06:00:01.000000+0000
2023-03-06,19.5,0.0,233.0,106.5,74.5,414.0,847.5,2023-03-06T22:46:25.000000+0000,2023-03-07T05:57:55.000000+0000
2023-03-07,1.0,0.0,213.0,107.0,55.5,375.5,752.0,2023-03-07T23:44:23.000000+0000,2023-03-08T05:51:53.000000+0000
2023-03-08,2.5,0.0,185.5,92.0,63.5,341.0,684.5,2023-03-09T00:19:01.000000+0000,2023-03-09T06:01:31.000000+0000
2023-03-09,0.5,0.0,206.0,88.5,69.5,364.0,728.5,2023-03-10T00:17:11.000000+0000,2023-03-10T06:03:11.000000+0000
2023-03-10,15.5,0.0,413.5,139.5,44.0,597.0,1209.5,2023-03-10T22:25:31.000000+0000,2023-03-11T08:23:31.000000+0000
2023-03-11,23.5,0.0,321.5,100.5,66.0,488.0,999.5,2023-03-11T21:37:01.000000+0000,2023-03-12T06:03:31.000000+0000
2023-03-12,11.0,0.0,299.0,91.5,67.0,457.5,926.0,2023-03-12T23:33:28.000000+0000,2023-03-13T07:11:58.000000+0000
2023-03-13,19.5,0.0,252.0,59.5,75.0,386.5,792.5,2023-03-14T01:05:09.000000+0000,2023-03-14T06:58:39.000000+0000
2023-03-14,10.0,0.0,205.5,83.0,80.5,369.0,748.0,2023-03-14T23:41:50.000000+0000,2023-03-15T05:58:20.000000+0000
2023-03-15,2.5,0.0,217.0,74.0,64.5,355.5,713.5,2023-03-15T23:02:49.000000+0000,2023-03-16T04:54:19.000000+0000
2023-03-16,1.0,0.0,242.5,90.0,69.5,402.0,805.0,2023-03-16T23:17:00.000000+0000,2023-03-17T05:28:00.000000+0000
2023-03-17,5.0,0.0,292.0,116.5,67.5,476.0,957.0,2023-03-18T00:34:27.000000+0000,2023-03-18T08:29:57.000000+0000
2023-03-18,157.0,0.0,197.0,70.5,66.0,333.5,824.0,2023-03-18T21:55:01.000000+0000,2023-03-19T05:36:01.000000+0000
2023-03-19,4.0,0.0,199.0,84.0,76.5,359.5,723.0,2023-03-20T01:14:48.000000+0000,2023-03-20T07:16:18.000000+0000
2023-03-20,3.0,0.0,210.5,58.5,68.5,337.5,678.0,2023-03-21T00:25:01.000000+0000,2023-03-21T06:04:31.000000+0000
2023-03-21,1.5,0.0,155.0,86.0,48.5,289.5,580.5,2023-03-22T00:19:26.000000+0000,2023-03-22T05:02:56.000000+0000
2023-03-22,3.0,0.0,131.5,88.5,86.5,306.5,616.0,2023-03-23T00:52:11.000000+0000,2023-03-23T05:45:41.000000+0000
2023-03-23,1.5,0.0,157.5,81.5,59.5,298.5,598.5,2023-03-24T01:31:31.000000+0000,2023-03-24T06:08:31.000000+0000
2023-03-24,6.0,0.0,240.5,136.0,55.0,431.5,869.0,2023-03-24T23:58:31.000000+0000,2023-03-25T07:14:31.000000+0000
2023-03-25,0.0,0.0,190.5,77.5,50.5,318.5,637.0,2023-03-26T00:42:32.000000+0000,2023-03-26T05:25:02.000000+0000
2023-03-26,2.5,0.0,223.5,83.0,77.5,384.0,770.5,2023-03-26T23:34:24.000000+0000,2023-03-27T05:52:54.000000+0000
2023-03-27,14.5,0.0,269.0,113.5,57.0,439.5,893.5,2023-03-27T22:45:44.000000+0000,2023-03-28T06:17:14.000000+0000
2023-03-28,10.5,0.0,262.0,63.5,43.5,369.0,748.5,2023-03-28T22:42:01.000000+0000,2023-03-29T04:59:31.000000+0000
2023-03-29,17.5,0.0,305.5,120.0,58.5,484.0,985.5,2023-03-29T21:39:11.000000+0000,2023-03-30T05:46:11.000000+0000
2023-03-30,9.5,0.0,262.0,79.0,41.5,382.5,774.5,2023-03-30T23:45:24.000000+0000,2023-03-31T06:15:54.000000+0000
2023-03-31,33.0,0.0,258.0,95.5,41.5,395.0,823.0,2023-04-01T00:32:31.000000+0000,2023-04-01T07:39:01.000000+0000
2023-04-01,32.0,0.0,274.5,110.0,51.5,436.0,904.0,2023-04-01T23:13:01.000000+0000,2023-04-02T06:51:31.000000+0000
2023-04-02,11.0,0.0,286.0,108.5,60.0,454.5,920.0,2023-04-02T22:06:01.000000+0000,2023-04-03T05:48:31.000000+0000
2023-04-03,6.5,0.0,318.0,121.0,47.5,486.5,979.5,2023-04-03T22:48:01.000000+0000,2023-04-04T06:50:31.000000+0000
2023-04-04,2.0,0.0,191.5,79.0,79.5,350.0,702.0,2023-04-04T23:58:17.000000+0000,2023-04-05T05:24:47.000000+0000
2023-04-05,8.5,0.0,258.5,103.5,64.5,426.5,861.5,2023-04-05T23:15:31.000000+0000,2023-04-06T06:18:01.000000+0000
2023-04-06,32.5,0.0,246.0,124.5,57.0,427.5,887.5,2023-04-06T23:29:31.000000+0000,2023-04-07T06:43:31.000000+0000
2023-04-07,11.5,0.0,286.5,99.5,49.0,435.0,881.5,2023-04-07T23:35:01.000000+0000,2023-04-08T06:47:01.000000+0000
2023-04-08,0.5,0.0,251.5,104.0,46.0,401.5,803.5,2023-04-09T00:18:38.000000+0000,2023-04-09T06:26:38.000000+0000
2023-04-09,11.0,0.0,202.5,56.5,38.5,297.5,606.0,2023-04-10T00:49:31.000000+0000,2023-04-10T05:49:31.000000+0000
2023-04-10,5.0,0.0,293.5,142.5,60.5,496.5,998.0,2023-04-10T21:39:29.000000+0000,2023-04-11T05:54:59.000000+0000
2023-04-11,11.0,0.0,263.0,106.0,50.5,419.5,850.0,2023-04-11T23:51:28.000000+0000,2023-04-12T06:55:58.000000+0000
2023-04-12,18.5,0.0,253.0,96.0,46.5,395.5,809.5,2023-04-13T00:06:49.000000+0000,2023-04-13T06:59:19.000000+0000
2023-04-13,6.5,0.0,179.5,93.5,84.0,357.0,720.5,2023-04-14T01:27:11.000000+0000,2023-04-14T07:28:11.000000+0000
2023-04-14,20.0,0.0,237.5,83.5,86.5,407.5,835.0,2023-04-14T23:55:01.000000+0000,2023-04-15T06:48:31.000000+0000
2023-04-15,5.5,0.0,262.5,125.0,65.5,453.0,911.5,2023-04-15T23:19:55.000000+0000,2023-04-16T06:44:55.000000+0000
2023-04-16,7.5,0.0,241.5,101.0,78.0,420.5,848.5,2023-04-16T22:58:02.000000+0000,2023-04-17T06:04:02.000000+0000
2023-04-17,1.5,0.0,266.5,72.5,29.5,368.5,738.5,2023-04-17T22:49:44.000000+0000,2023-04-18T04:45:44.000000+0000
2023-04-18,12.0,0.0,242.0,92.0,72.5,406.5,825.0,2023-04-18T21:52:01.000000+0000,2023-04-19T04:47:31.000000+0000
2023-04-19,1.5,0.0,225.0,145.5,70.5,441.0,883.5,2023-04-19T21:38:17.000000+0000,2023-04-20T04:57:47.000000+0000
2023-04-20,23.5,0.0,305.5,121.5,51.0,478.0,979.5,2023-04-20T20:39:33.000000+0000,2023-04-21T05:00:03.000000+0000
2023-04-21,4.5,0.0,332.0,111.5,34.5,478.0,960.5,2023-04-21T22:30:46.000000+0000,2023-04-22T06:09:46.000000+0000
2023-04-22,50.0,0.0,249.5,111.0,53.5,414.0,878.0,2023-04-22T21:25:35.000000+0000,2023-04-23T05:07:35.000000+0000
2023-04-23,1.0,0.0,239.5,113.0,40.5,393.0,787.0,2023-04-23T22:26:01.000000+0000,2023-04-24T04:36:31.000000+0000
2023-04-24,2.0,0.0,246.5,91.0,54.0,391.5,785.0,2023-04-24T21:41:51.000000+0000,2023-04-25T03:32:51.000000+0000
2023-04-25,7.5,0.0,257.5,115.5,68.5,441.5,890.5,2023-04-25T21:31:46.000000+0000,2023-04-26T03:40:46.000000+0000
2023-04-26,0.5,0.0,265.0,88.0,50.0,403.0,806.5,2023-04-26T22:22:14.000000+0000,2023-04-27T04:23:14.000000+0000
2023-04-27,8.0,0.0,271.5,83.0,39.0,393.5,795.0,2023-04-27T22:19:14.000000+0000,2023-04-28T04:11:44.000000+0000
2023-04-28,15.5,0.0,272.5,100.0,59.0,431.5,878.5,2023-04-28T21:34:04.000000+0000,2023-04-29T04:56:04.000000+0000
2023-04-29,1.0,0.0,171.5,87.5,52.5,311.5,624.0,2023-04-29T23:48:15.000000+0000,2023-04-30T04:58:15.000000+0000
2023-04-30,7.5,0.0,299.0,92.0,34.5,425.5,858.5,2023-04-30T21:56:32.000000+0000,2023-05-01T05:05:32.000000+0000
2023-05-01,4.5,0.0,249.5,97.5,51.5,398.5,801.5,2023-05-01T22:17:32.000000+0000,2023-05-02T04:58:32.000000+0000
2023-05-02,6.0,0.0,243.5,89.5,68.0,401.0,808.0,2023-05-02T22:09:17.000000+0000,2023-05-03T04:54:17.000000+0000
2023-05-03,8.0,0.0,241.5,88.5,55.0,385.0,778.0,2023-05-03T22:27:17.000000+0000,2023-05-04T04:53:17.000000+0000
2023-05-04,14.0,0.0,299.0,91.5,57.5,448.0,910.0,2023-05-04T21:15:50.000000+0000,2023-05-05T04:57:20.000000+0000
2023-05-05,5.0,0.0,279.0,97.0,71.5,447.5,900.0,2023-05-05T21:28:01.000000+0000,2023-05-06T04:59:01.000000+0000
2023-05-06,13.0,0.0,279.5,109.5,49.5,438.5,890.0,2023-05-06T21:29:44.000000+0000,2023-05-07T04:59:14.000000+0000
2023-05-07,19.5,0.0,329.5,95.0,43.0,467.5,954.5,2023-05-07T20:41:46.000000+0000,2023-05-08T04:17:46.000000+0000
2023-05-08,1.5,0.0,297.0,117.0,34.5,448.5,898.5,2023-05-08T21:33:56.000000+0000,2023-05-09T19:58:08.000000+0000
2023-05-09,68.5,0.0,307.0,126.5,38.0,471.5,1011.5,2023-05-09T20:01:08.000000+0000,2023-05-10T04:52:08.000000+0000
2023-05-10,7.0,0.0,244.0,100.5,71.5,416.0,839.0,2023-05-10T21:31:27.000000+0000,2023-05-11T04:04:27.000000+0000
2023-05-11,4.0,0.0,235.0,116.5,70.5,422.0,848.0,2023-05-11T21:32:59.000000+0000,2023-05-12T04:32:59.000000+0000
2023-05-12,23.5,0.0,264.5,139.5,71.0,475.0,973.5,2023-05-12T20:47:02.000000+0000,2023-05-13T05:04:32.000000+0000
2023-05-13,29.0,0.0,307.0,54.5,45.5,407.0,843.0,2023-05-13T21:42:41.000000+0000,2023-05-14T04:47:11.000000+0000
2023-05-14,22.0,0.0,287.0,100.5,52.0,439.5,901.0,2023-05-14T21:29:03.000000+0000,2023-05-15T05:03:33.000000+0000
2023-05-15,5.0,0.0,260.0,128.0,69.5,457.5,920.0,2023-05-15T21:14:31.000000+0000,2023-05-16T04:31:31.000000+0000
2023-05-16,9.0,0.0,261.5,96.5,41.5,399.5,808.0,2023-05-16T22:12:18.000000+0000,2023-05-17T04:58:18.000000+0000
2023-05-17,4.5,0.0,261.5,119.5,70.5,451.5,907.5,2023-05-17T21:22:59.000000+0000,2023-05-18T04:56:59.000000+0000
2023-05-18,5.5,0.0,276.5,100.0,47.0,423.5,852.5,2023-05-18T21:29:52.000000+0000,2023-05-19T04:37:22.000000+0000
2023-05-19,0.5,0.0,238.0,103.0,88.0,429.0,858.5,2023-05-19T21:51:24.000000+0000,2023-05-20T04:32:24.000000+0000
2023-05-20,3.5,0.0,358.5,124.5,46.5,529.5,1062.5,2023-05-20T21:29:49.000000+0000,2023-05-21T06:11:19.000000+0000
2023-05-21,4.0,0.0,287.5,66.5,45.0,399.0,802.0,2023-05-21T22:18:31.000000+0000,2023-05-22T04:13:31.000000+0000
2023-05-22,7.0,0.0,304.5,105.0,63.5,473.0,953.0,2023-05-22T21:01:06.000000+0000,2023-05-23T05:00:06.000000+0000
2023-05-23,3.0,0.0,264.5,95.5,71.0,431.0,865.0,2023-05-23T21:31:31.000000+0000,2023-05-24T04:00:01.000000+0000
2023-05-24,4.0,0.0,269.0,134.5,62.0,465.5,935.0,2023-05-24T21:11:04.000000+0000,2023-05-25T04:48:04.000000+0000
2023-05-25,2.5,0.0,316.5,86.5,67.0,470.0,942.5,2023-05-25T21:17:02.000000+0000,2023-05-26T05:08:32.000000+0000
2023-05-26,5.5,0.0,269.5,91.5,66.5,427.5,860.5,2023-05-27T00:11:01.000000+0000,2023-05-27T06:49:31.000000+0000
2023-05-27,2.5,0.0,283.5,75.0,39.5,398.0,798.5,2023-05-27T22:29:34.000000+0000,2023-05-28T04:40:04.000000+0000
2023-05-28,7.0,0.0,269.5,103.0,53.0,425.5,858.0,2023-05-28T21:37:02.000000+0000,2023-05-29T04:34:32.000000+0000
2023-05-29,5.5,0.0,279.5,114.5,48.5,442.5,890.5,2023-05-29T21:42:01.000000+0000,2023-05-30T05:04:01.000000+0000
2023-05-30,7.0,0.0,246.5,75.0,78.5,400.0,807.0,2023-05-30T22:08:59.000000+0000,2023-05-31T04:55:29.000000+0000
2023-05-31,10.5,0.0,291.0,112.5,52.0,455.5,921.5,2023-05-31T21:14:44.000000+0000,2023-06-01T04:51:14.000000+0000
2023-06-01,15.5,0.0,332.0,112.5,49.5,494.0,1003.5,2023-06-01T20:31:48.000000+0000,2023-06-02T04:57:48.000000+0000
2023-06-02,4.5,0.0,267.5,131.0,91.0,489.5,983.5,2023-06-02T21:05:32.000000+0000,2023-06-03T05:17:02.000000+0000
2023-06-03,103.0,0.0,219.5,70.5,43.5,333.5,770.0,2023-06-03T21:54:04.000000+0000,2023-06-04T04:59:04.000000+0000
2023-06-04,2.0,0.0,277.5,87.0,61.5,426.0,854.0,2023-06-04T21:53:35.000000+0000,2023-06-05T04:37:35.000000+0000
2023-06-05,8.5,0.0,327.0,82.5,32.5,442.0,892.5,2023-06-05T21:30:33.000000+0000,2023-06-06T04:58:33.000000+0000
2023-06-06,6.5,0.0,242.0,76.0,43.0,361.0,728.5,2023-06-06T22:55:54.000000+0000,2023-06-07T05:00:24.000000+0000
2023-06-07,3.5,0.0,278.0,76.5,56.0,410.5,824.5,2023-06-07T22:06:53.000000+0000,2023-06-08T04:59:23.000000+0000
2023-06-08,3.0,0.0,258.5,100.5,61.0,420.0,843.0,2023-06-08T21:58:01.000000+0000,2023-06-09T04:38:01.000000+0000
2023-06-09,1.5,0.0,254.0,104.5,70.5,429.0,859.5,2023-06-09T21:51:02.000000+0000,2023-06-10T04:13:02.000000+0000
2023-06-10,9.5,0.0,210.0,61.0,57.5,328.5,666.5,2023-06-10T23:23:16.000000+0000,2023-06-11T04:09:46.000000+0000
2023-06-11,5.0,0.0,304.0,113.0,60.0,477.0,959.0,2023-06-11T21:08:06.000000+0000,2023-06-12T05:07:36.000000+0000
2023-06-12,6.0,0.0,220.5,111.0,60.0,391.5,789.0,2023-06-12T22:23:04.000000+0000,2023-06-13T04:50:34.000000+0000
2023-06-13,7.5,0.0,279.5,100.5,53.5,433.5,874.5,2023-06-13T21:36:32.000000+0000,2023-06-14T04:50:02.000000+0000
2023-06-14,4.5,0.0,223.5,119.5,48.0,391.0,786.5,2023-06-14T22:25:00.000000+0000,2023-06-15T04:58:00.000000+0000
2023-06-15,5.5,0.0,290.0,91.5,66.5,448.0,901.5,2023-06-15T21:27:32.000000+0000,2023-06-16T04:48:02.000000+0000
2023-06-16,9.5,0.0,312.0,93.5,29.0,434.5,878.5,2023-06-16T21:48:18.000000+0000,2023-06-17T05:07:18.000000+0000
2023-06-17,44.0,0.0,303.5,92.5,58.5,454.5,953.0,2023-06-17T20:43:02.000000+0000,2023-06-18T04:41:02.000000+0000
2023-06-18,7.0,0.0,293.0,114.0,51.0,458.0,923.0,2023-06-18T21:16:08.000000+0000,2023-06-19T05:00:08.000000+0000
2023-06-19,4.0,0.0,279.5,97.0,24.5,401.0,806.0,2023-06-19T22:15:59.000000+0000,2023-06-20T04:59:59.000000+0000
2023-06-20,4.0,0.0,283.0,89.0,40.0,412.0,828.0,2023-06-20T22:05:02.000000+0000,2023-06-21T04:59:02.000000+0000
2023-06-21,6.0,0.0,268.5,102.5,37.5,408.5,823.0,2023-06-21T22:06:30.000000+0000,2023-06-22T04:54:00.000000+0000
2023-06-22,8.0,0.0,288.5,82.0,67.0,437.5,883.0,2023-06-22T21:41:31.000000+0000,2023-06-23T04:31:01.000000+0000
2023-06-24,31.5,0.0,330.5,92.0,57.0,479.5,990.5,2023-06-24T20:33:02.000000+0000,2023-06-25T05:03:02.000000+0000
2023-06-25,14.0,0.0,202.0,105.5,55.0,362.5,739.0,2023-06-25T22:45:13.000000+0000,2023-06-26T04:53:43.000000+0000
2023-06-26,12.0,0.0,288.5,106.0,53.5,448.0,908.0,2023-06-26T21:39:55.000000+0000,2023-06-27T05:17:55.000000+0000
2023-06-27,6.5,0.0,210.5,111.0,72.5,394.0,794.5,2023-06-27T22:20:08.000000+0000,2023-06-28T04:44:38.000000+0000
2023-06-28,4.5,0.0,268.5,106.5,67.5,442.5,889.5,2023-06-28T21:34:02.000000+0000,2023-06-29T05:00:02.000000+0000
2023-06-29,18.0,0.0,255.5,104.5,46.5,406.5,831.0,2023-06-29T21:56:04.000000+0000,2023-06-30T04:57:34.000000+0000
2023-06-30,65.0,0.0,315.0,93.0,50.0,458.0,981.0,2023-06-30T20:38:33.000000+0000,2023-07-01T04:40:03.000000+0000
2023-07-01,61.0,0.0,238.5,115.5,55.5,409.5,880.0,2023-07-01T21:09:10.000000+0000,2023-07-02T04:38:40.000000+0000
2023-07-02,12.0,0.0,272.5,66.5,76.0,415.0,842.0,2023-07-02T21:54:10.000000+0000,2023-07-03T05:00:10.000000+0000
2023-07-03,6.0,0.0,266.0,74.5,34.5,375.0,756.0,2023-07-03T22:38:25.000000+0000,2023-07-04T04:56:25.000000+0000
2023-07-04,4.5,0.0,263.0,77.5,40.0,380.5,765.5,2023-07-04T22:36:21.000000+0000,2023-07-05T04:43:21.000000+0000
2023-07-05,18.5,0.0,251.5,112.0,51.5,415.0,848.5,2023-07-05T21:57:52.000000+0000,2023-07-06T05:09:22.000000+0000
2023-07-06,64.0,0.0,273.5,105.5,49.0,428.0,920.0,2023-07-06T20:49:06.000000+0000,2023-07-07T04:07:06.000000+0000
2023-07-07,11.0,0.0,265.0,97.0,68.5,430.5,872.0,2023-07-07T21:39:29.000000+0000,2023-07-08T04:59:59.000000+0000
2023-07-09,16.0,0.0,290.0,89.5,47.5,427.0,870.0,2023-07-09T21:47:55.000000+0000,2023-07-10T05:03:25.000000+0000
2023-07-10,6.0,0.0,206.0,98.5,46.0,350.5,707.0,2023-07-10T23:14:32.000000+0000,2023-07-11T05:08:32.000000+0000
2023-07-11,4.0,0.0,290.5,96.0,60.0,446.5,897.0,2023-07-11T21:50:59.000000+0000,2023-07-12T04:43:29.000000+0000
2023-07-12,9.5,0.0,297.0,91.0,40.5,428.5,866.5,2023-07-12T21:43:02.000000+0000,2023-07-13T04:45:32.000000+0000
2023-07-13,4.5,0.0,310.5,103.0,63.0,476.5,957.5,2023-07-13T21:00:32.000000+0000,2023-07-14T04:57:02.000000+0000
2023-07-14,11.0,0.0,314.0,93.5,53.5,461.0,933.0,2023-07-14T21:18:14.000000+0000,2023-07-15T05:03:14.000000+0000
2023-07-16,12.0,0.0,310.5,95.5,35.0,441.0,894.0,2023-07-16T21:26:36.000000+0000,2023-07-17T04:52:36.000000+0000
2023-07-17,6.0,0.0,309.0,69.5,19.5,398.0,802.0,2023-07-17T21:39:45.000000+0000,2023-07-18T04:20:45.000000+0000
2023-07-18,10.0,0.0,290.5,112.0,36.5,439.0,888.0,2023-07-18T21:30:46.000000+0000,2023-07-19T04:58:46.000000+0000
2023-07-19,3.0,0.0,246.5,60.0,128.0,434.5,872.0,2023-07-19T21:44:41.000000+0000,2023-07-20T04:57:41.000000+0000
2023-07-20,28.5,0.0,306.0,122.0,66.0,494.0,1016.5,2023-07-20T20:22:32.000000+0000,2023-07-21T05:03:32.000000+0000
2023-07-21,7.5,0.0,272.5,75.5,40.5,388.5,784.5,2023-07-21T22:36:06.000000+0000,2023-07-22T05:04:06.000000+0000
2023-07-22,3.5,0.0,258.0,81.5,46.5,386.0,775.5,2023-07-22T22:31:03.000000+0000,2023-07-23T03:54:33.000000+0000
2023-07-23,15.5,0.0,311.5,115.5,49.5,476.5,968.5,2023-07-23T20:50:14.000000+0000,2023-07-24T04:43:44.000000+0000
2023-07-24,3.5,0.0,326.0,83.5,56.5,466.0,935.5,2023-07-24T20:56:51.000000+0000,2023-07-25T04:42:51.000000+0000
2023-07-25,7.5,0.0,317.0,85.0,31.0,433.0,873.5,2023-07-25T21:40:06.000000+0000,2023-07-26T04:57:36.000000+0000
2023-07-26,8.0,0.0,337.0,108.0,60.0,505.0,1018.0,2023-07-26T20:28:29.000000+0000,2023-07-27T04:23:59.000000+0000
2023-07-27,26.5,0.0,329.0,97.0,48.5,474.5,975.5,2023-07-27T20:35:02.000000+0000,2023-07-28T04:54:02.000000+0000
2023-07-28,12.5,0.0,255.0,109.5,78.5,443.0,898.5,2023-07-28T21:25:23.000000+0000,2023-07-29T04:59:23.000000+0000
2023-07-29,5.0,0.0,305.5,69.5,58.5,433.5,872.0,2023-07-29T21:42:32.000000+0000,2023-07-30T04:55:32.000000+0000
2023-07-30,10.0,0.0,325.5,91.5,31.0,448.0,906.0,2023-07-30T21:28:16.000000+0000,2023-07-31T05:02:46.000000+0000
2023-07-31,9.0,0.0,216.5,93.0,44.5,354.0,717.0,2023-07-31T23:00:59.000000+0000,2023-08-01T04:39:59.000000+0000
2023-08-01,15.5,0.0,314.5,104.0,59.0,477.5,970.5,2023-08-01T20:47:02.000000+0000,2023-08-02T04:49:32.000000+0000
2023-08-02,10.0,0.0,307.0,81.0,54.5,442.5,895.0,2023-08-02T21:06:10.000000+0000,2023-08-03T04:20:40.000000+0000
2023-08-03,3.0,0.0,222.5,83.5,91.0,397.0,797.0,2023-08-03T22:19:17.000000+0000,2023-08-04T04:53:47.000000+0000
2023-08-04,6.5,0.0,276.0,104.0,53.0,433.0,872.5,2023-08-04T22:46:31.000000+0000,2023-08-05T05:57:01.000000+0000
2023-08-05,3.5,0.0,258.5,79.0,49.5,387.0,777.5,2023-08-05T22:29:16.000000+0000,2023-08-06T04:48:16.000000+0000
2023-08-06,91.5,0.0,133.0,56.5,40.5,230.0,551.5,2023-08-06T23:39:38.000000+0000,2023-08-07T04:58:38.000000+0000
2023-08-07,0.0,0.0,208.5,86.5,49.0,344.0,688.0,2023-08-07T23:17:24.000000+0000,2023-08-08T04:24:24.000000+0000
2023-08-08,0.5,0.0,105.0,57.0,91.0,253.0,506.5,2023-08-09T00:48:03.000000+0000,2023-08-09T04:51:33.000000+0000
2023-08-09,12.5,0.0,356.0,123.0,84.5,563.5,1139.5,2023-08-09T20:55:26.000000+0000,2023-08-10T05:51:26.000000+0000
2023-08-10,5.0,0.0,156.5,49.5,51.0,257.0,519.0,2023-08-11T00:39:32.000000+0000,2023-08-11T04:30:32.000000+0000
2023-08-11,6.5,0.0,157.5,51.0,35.0,243.5,493.5,2023-08-12T00:53:00.000000+0000,2023-08-12T05:01:00.000000+0000
2023-08-12,2.0,0.0,236.5,81.5,58.5,376.5,755.0,2023-08-12T22:42:30.000000+0000,2023-08-13T04:55:30.000000+0000
2023-08-13,2.5,0.0,196.5,62.0,97.0,355.5,713.5,2023-08-13T21:36:31.000000+0000,2023-08-14T03:33:31.000000+0000
2023-08-14,4.5,0.0,168.5,24.5,35.5,228.5,461.5,2023-08-15T02:13:05.000000+0000,2023-08-15T06:05:35.000000+0000
2023-08-15,7.5,0.0,271.5,99.0,47.5,418.0,843.5,2023-08-15T21:59:24.000000+0000,2023-08-16T05:01:54.000000+0000
2023-08-16,7.5,0.0,148.5,77.5,42.0,268.0,543.5,2023-08-17T00:26:59.000000+0000,2023-08-17T05:00:59.000000+0000
2023-08-17,8.0,0.0,255.0,106.5,62.5,424.0,856.0,2023-08-17T21:54:51.000000+0000,2023-08-18T05:05:51.000000+0000
2023-08-18,3.5,0.0,264.0,92.0,55.0,411.0,825.5,2023-08-18T22:19:11.000000+0000,2023-08-19T05:05:41.000000+0000
2023-08-19,9.5,0.0,261.0,101.0,69.0,431.0,871.5,2023-08-19T23:08:32.000000+0000,2023-08-20T06:26:32.000000+0000
2023-08-20,2.0,0.0,224.5,105.0,42.5,372.0,746.0,2023-08-20T23:54:52.000000+0000,2023-08-21T06:01:22.000000+0000
2023-08-21,2.5,0.0,270.5,100.5,65.0,436.0,874.5,2023-08-21T22:22:11.000000+0000,2023-08-22T05:38:41.000000+0000
2023-08-22,1.0,0.0,209.5,50.0,53.0,312.5,626.0,2023-08-22T23:47:49.000000+0000,2023-08-23T04:21:19.000000+0000
2023-08-23,4.0,138.5,0.0,0.0,0.0,138.5,281.0,2023-08-23T22:29:32.000000+0000,2023-08-24T00:40:02.000000+0000
2023-08-24,9.5,0.0,278.5,100.5,68.0,447.0,903.5,2023-08-24T22:17:32.000000+0000,2023-08-25T05:51:32.000000+0000
2023-08-25,104.5,0.0,240.0,100.0,82.0,422.0,948.5,2023-08-25T23:47:54.000000+0000,2023-08-26T08:29:24.000000+0000
2023-08-26,3.5,0.0,128.5,86.0,79.5,294.0,591.5,2023-08-27T00:02:48.000000+0000,2023-08-27T04:59:18.000000+0000
2023-08-27,1.0,0.0,193.5,82.5,54.0,330.0,661.0,2023-08-27T23:28:56.000000+0000,2023-08-28T04:30:26.000000+0000
2023-08-28,0.0,0.0,205.0,92.5,68.5,366.0,732.0,2023-08-28T22:53:31.000000+0000,2023-08-29T04:43:31.000000+0000
2023-08-29,5.0,0.0,309.5,74.5,66.0,450.0,905.0,2023-08-29T21:42:09.000000+0000,2023-08-30T05:11:09.000000+0000
2023-08-30,13.0,0.0,297.0,122.0,69.5,488.5,990.0,2023-08-30T20:48:51.000000+0000,2023-08-31T05:02:51.000000+0000
2023-08-31,4.5,0.0,233.0,133.0,65.0,431.0,866.5,2023-08-31T21:46:32.000000+0000,2023-09-01T04:59:32.000000+0000
2023-09-01,1.5,0.0,194.5,87.0,69.0,350.5,702.5,2023-09-01T23:09:02.000000+0000,2023-09-02T04:37:02.000000+0000
2023-09-03,5.5,0.0,254.0,81.5,67.5,403.0,811.5,2023-09-03T22:16:32.000000+0000,2023-09-04T05:01:32.000000+0000
2023-09-04,2.5,0.0,253.0,103.5,71.5,428.0,858.5,2023-09-04T21:59:36.000000+0000,2023-09-05T05:01:06.000000+0000
2023-09-05,6.0,0.0,238.0,75.0,57.5,370.5,747.0,2023-09-05T22:44:17.000000+0000,2023-09-06T04:24:47.000000+0000
2023-09-06,77.5,0.0,294.5,90.5,48.5,433.5,944.5,2023-09-06T20:31:32.000000+0000,2023-09-07T04:18:32.000000+0000
2023-09-07,5.5,0.0,251.0,112.0,55.5,418.5,842.5,2023-09-07T21:42:22.000000+0000,2023-09-08T04:42:22.000000+0000
2023-09-08,47.5,0.0,291.5,125.0,51.5,468.0,983.5,2023-09-08T20:25:32.000000+0000,2023-09-09T04:58:32.000000+0000
2023-09-09,8.0,0.0,235.0,57.0,92.0,384.0,776.0,2023-09-09T22:28:31.000000+0000,2023-09-10T04:56:31.000000+0000
2023-09-10,13.5,0.0,299.0,85.5,46.5,431.0,875.5,2023-09-10T21:22:11.000000+0000,2023-09-11T04:33:11.000000+0000
2023-09-11,4.0,0.0,279.5,88.5,43.0,411.0,826.0,2023-09-11T22:10:26.000000+0000,2023-09-12T05:03:26.000000+0000
2023-09-12,3.5,0.0,205.5,96.0,86.5,388.0,779.5,2023-09-12T21:49:02.000000+0000,2023-09-13T04:13:02.000000+0000
2023-09-13,35.0,0.0,237.0,72.5,60.5,370.0,775.0,2023-09-13T21:23:02.000000+0000,2023-09-14T04:06:32.000000+0000
2023-09-14,0.0,0.0,144.0,87.0,72.0,303.0,606.0,2023-09-15T00:06:41.000000+0000,2023-09-15T05:01:41.000000+0000
2023-09-16,5.0,0.0,247.0,100.0,68.0,415.0,835.0,2023-09-16T22:50:46.000000+0000,2023-09-17T05:41:46.000000+0000
2023-09-17,53.5,0.0,274.0,124.0,70.5,468.5,1025.5,2023-09-17T20:30:46.000000+0000,2023-09-18T19:54:19.000000+0000
2023-09-18,16.0,0.0,286.5,137.5,72.5,496.5,974.0,2023-09-18T20:11:19.000000+0000,2023-09-19T04:35:49.000000+0000
2023-09-19,25.5,0.0,276.0,112.5,66.5,455.0,935.5,2023-09-19T20:59:56.000000+0000,2023-09-20T04:24:56.000000+0000
2023-09-20,3.5,0.0,167.0,74.5,53.0,294.5,592.5,2023-09-21T00:03:32.000000+0000,2023-09-21T05:00:32.000000+0000
2023-09-21,4.5,0.0,296.5,118.5,65.5,480.5,965.5,2023-09-21T20:55:44.000000+0000,2023-09-22T04:21:44.000000+0000
2023-09-22,4.0,0.0,220.0,105.5,62.0,387.5,779.0,2023-09-23T00:26:40.000000+0000,2023-09-23T06:13:10.000000+0000
2023-09-23,3.0,0.0,306.5,133.0,73.0,512.5,1028.0,2023-09-23T22:18:51.000000+0000,2023-09-24T06:47:51.000000+0000
2023-09-24,4.0,0.0,180.5,55.5,64.5,300.5,605.0,2023-09-24T23:57:02.000000+0000,2023-09-25T05:00:32.000000+0000
2023-09-25,1.5,0.0,249.5,85.0,43.5,378.0,757.5,2023-09-25T22:17:01.000000+0000,2023-09-26T04:19:31.000000+0000
2023-09-26,0.5,0.0,177.5,61.0,59.5,298.0,596.5,2023-09-26T23:07:34.000000+0000,2023-09-27T03:31:34.000000+0000
2023-09-27,4.5,0.0,208.5,63.5,63.0,335.0,674.5,2023-09-27T21:36:06.000000+0000,2023-09-28T03:12:36.000000+0000
2023-09-30,0.0,0.0,122.5,82.0,67.5,272.0,544.0,2023-10-01T00:36:27.000000+0000,2023-10-01T19:56:33.000000+0000
2023-10-01,4.5,0.0,318.0,137.0,61.5,516.5,1037.5,2023-10-01T20:05:33.000000+0000,2023-10-02T04:21:03.000000+0000
2023-10-02,1.0,0.0,301.5,140.0,78.0,519.5,1040.0,2023-10-02T20:17:38.000000+0000,2023-10-03T04:19:38.000000+0000
2023-10-04,57.5,0.0,328.0,73.0,37.5,438.5,934.5,2023-10-04T20:09:01.000000+0000,2023-10-05T04:23:31.000000+0000
2023-10-05,5.5,0.0,305.5,98.0,42.5,446.0,897.5,2023-10-05T21:29:39.000000+0000,2023-10-06T04:59:09.000000+0000
2023-10-06,18.0,0.0,331.5,103.5,38.0,473.0,964.0,2023-10-06T21:40:18.000000+0000,2023-10-07T05:46:48.000000+0000
2023-10-07,48.5,0.0,258.0,115.5,54.0,427.5,903.5,2023-10-07T21:00:41.000000+0000,2023-10-08T04:08:41.000000+0000
2023-10-08,4.5,0.0,205.0,84.0,38.5,327.5,659.5,2023-10-08T23:38:01.000000+0000,2023-10-09T05:02:01.000000+0000
2023-10-09,5.5,0.0,178.5,78.0,59.0,315.5,636.5,2023-10-09T23:40:31.000000+0000,2023-10-10T05:00:31.000000+0000
2023-10-10,4.0,0.0,250.5,86.5,58.0,395.0,794.0,2023-10-10T22:22:31.000000+0000,2023-10-11T05:00:31.000000+0000
2023-10-11,12.0,0.0,245.0,79.5,54.5,379.0,770.0,2023-10-11T22:34:45.000000+0000,2023-10-12T05:02:45.000000+0000
2023-10-13,0.5,0.0,135.5,55.0,44.0,234.5,469.5,2023-10-14T01:06:31.000000+0000,2023-10-14T04:45:31.000000+0000
2023-10-14,2.0,0.0,257.0,83.0,66.0,406.0,814.0,2023-10-14T22:23:01.000000+0000,2023-10-15T04:46:01.000000+0000
2023-10-15,15.0,0.0,238.5,37.5,25.5,301.5,618.0,2023-10-15T23:29:50.000000+0000,2023-10-16T04:15:50.000000+0000
2023-10-16,2.0,0.0,264.5,80.5,50.5,395.5,793.0,2023-10-16T22:21:47.000000+0000,2023-10-17T04:48:17.000000+0000
2023-10-18,15.0,0.0,294.0,92.5,46.0,432.5,880.0,2023-10-18T21:33:24.000000+0000,2023-10-19T04:59:54.000000+0000
2023-10-19,52.5,0.0,259.0,95.0,68.5,422.5,1093.5,2023-10-19T21:32:32.000000+0000,2023-10-20T19:56:31.000000+0000
2023-10-20,20.0,0.0,256.0,133.0,68.0,457.0,738.0,2023-10-20T20:13:31.000000+0000,2023-10-21T04:06:31.000000+0000
2023-10-21,3.5,0.0,151.0,90.5,80.5,322.0,647.5,2023-10-21T23:52:31.000000+0000,2023-10-22T04:33:31.000000+0000
2023-10-23,3.0,0.0,241.5,90.0,48.0,379.5,762.0,2023-10-23T22:37:22.000000+0000,2023-10-24T04:29:22.000000+0000
2023-10-25,2.5,0.0,253.5,125.0,77.5,456.0,1008.5,2023-10-25T21:36:05.000000+0000,2023-10-26T19:54:46.000000+0000
2023-10-26,48.5,0.0,323.5,97.0,63.0,483.5,921.5,2023-10-26T20:08:46.000000+0000,2023-10-27T04:37:16.000000+0000
2023-10-27,15.0,0.0,279.5,90.0,58.0,427.5,870.0,2023-10-27T21:52:22.000000+0000,2023-10-28T05:07:22.000000+0000
2023-10-29,4.0,0.0,277.5,103.0,37.5,418.0,840.0,2023-10-29T23:14:04.000000+0000,2023-10-30T06:12:34.000000+0000
2023-10-30,15.5,0.0,309.0,110.5,63.0,482.5,980.5,2023-10-30T21:42:42.000000+0000,2023-10-31T05:58:42.000000+0000
2023-10-31,35.0,0.0,314.0,118.0,44.0,476.0,987.0,2023-10-31T21:30:01.000000+0000,2023-11-01T06:00:01.000000+0000
2023-11-01,2.0,132.5,0.0,0.0,0.0,132.5,267.0,2023-11-01T22:35:18.000000+0000,2023-11-02T00:45:18.000000+0000
2023-11-02,15.0,0.0,281.5,119.0,79.0,479.5,974.0,2023-11-02T21:46:31.000000+0000,2023-11-03T05:59:31.000000+0000
2023-11-03,13.5,0.0,284.0,66.5,61.5,412.0,837.5,2023-11-03T23:02:33.000000+0000,2023-11-04T06:03:33.000000+0000
2023-11-04,4.5,0.0,309.5,68.5,62.5,440.5,885.5,2023-11-04T22:36:39.000000+0000,2023-11-05T05:52:39.000000+0000
2023-11-05,82.0,0.0,188.5,39.5,23.5,251.5,585.0,2023-11-06T00:25:48.000000+0000,2023-11-06T05:53:18.000000+0000
2023-11-06,15.5,0.0,267.5,112.0,60.0,439.5,894.5,2023-11-06T22:25:53.000000+0000,2023-11-07T05:32:53.000000+0000
2023-11-07,24.5,0.0,282.5,96.0,76.0,454.5,933.5,2023-11-07T22:02:01.000000+0000,2023-11-08T05:46:31.000000+0000
2023-11-08,18.5,0.0,355.5,128.0,65.0,548.5,1115.5,2023-11-08T20:38:01.000000+0000,2023-11-09T06:03:31.000000+0000
2023-11-09,53.5,0.0,260.5,100.5,26.0,387.0,827.5,2023-11-09T21:58:54.000000+0000,2023-11-10T05:18:24.000000+0000
2023-11-11,3.0,0.0,132.0,46.5,30.5,209.0,421.0,2023-11-12T02:29:20.000000+0000,2023-11-12T06:00:20.000000+0000
2023-11-13,3.5,0.0,257.5,79.0,52.0,388.5,780.5,2023-11-13T23:28:40.000000+0000,2023-11-14T05:54:40.000000+0000
2023-11-14,26.5,0.0,304.0,112.5,38.5,455.0,936.5,2023-11-14T21:59:31.000000+0000,2023-11-15T05:56:31.000000+0000
2023-11-15,12.0,0.0,316.0,96.5,60.5,473.0,958.0,2023-11-15T21:54:28.000000+0000,2023-11-16T05:24:28.000000+0000
2023-11-16,7.5,0.0,263.5,101.0,68.5,433.0,873.5,2023-11-16T22:41:01.000000+0000,2023-11-17T05:36:31.000000+0000
2023-11-17,2.0,0.0,262.0,94.5,72.5,429.0,860.0,2023-11-17T22:50:31.000000+0000,2023-11-18T05:44:31.000000+0000
2023-11-18,1.5,0.0,298.5,72.5,37.5,408.5,818.5,2023-11-18T23:11:05.000000+0000,2023-11-19T05:27:35.000000+0000
2023-11-20,12.5,0.0,257.0,103.0,84.0,444.0,900.5,2023-11-20T22:41:08.000000+0000,2023-11-21T06:16:38.000000+0000
2023-11-23,8.5,0.0,256.5,102.5,46.0,405.0,818.5,2023-11-23T23:08:31.000000+0000,2023-11-24T05:56:01.000000+0000
2023-11-24,14.0,0.0,219.5,15.0,50.5,285.0,584.0,2023-11-25T02:28:32.000000+0000,2023-11-25T07:21:02.000000+0000
2023-11-25,10.0,0.0,297.0,102.0,71.0,470.0,950.0,2023-11-25T22:59:24.000000+0000,2023-11-26T06:52:54.000000+0000
2023-11-27,23.0,0.0,298.5,107.5,76.0,482.0,987.0,2023-11-27T22:03:11.000000+0000,2023-11-28T06:21:11.000000+0000
2023-11-29,16.5,0.0,270.5,105.0,45.5,421.0,858.5,2023-11-29T22:43:29.000000+0000,2023-11-30T05:57:29.000000+0000
2023-12-01,5.0,0.0,262.5,75.0,42.0,379.5,764.0,2023-12-01T23:17:27.000000+0000,2023-12-02T04:53:57.000000+0000
2023-12-02,9.5,0.0,296.5,86.0,65.0,447.5,904.5,2023-12-03T00:22:35.000000+0000,2023-12-03T07:36:05.000000+0000
2023-12-03,5.0,0.0,189.5,79.5,76.0,345.0,695.0,2023-12-04T00:10:35.000000+0000,2023-12-04T05:58:05.000000+0000
2023-12-04,4.5,0.0,245.5,89.5,65.0,400.0,804.5,2023-12-04T23:15:27.000000+0000,2023-12-05T05:46:57.000000+0000
2023-12-05,2.5,0.0,266.0,97.5,74.0,437.5,877.5,2023-12-05T23:08:24.000000+0000,2023-12-06T06:02:54.000000+0000
2023-12-06,1.5,0.0,202.0,96.0,57.5,355.5,712.5,2023-12-07T00:02:57.000000+0000,2023-12-07T05:50:27.000000+0000
2023-12-07,29.5,0.0,300.0,90.5,69.0,459.5,948.5,2023-12-07T21:50:57.000000+0000,2023-12-08T05:58:57.000000+0000
2023-12-08,4.0,0.0,289.5,107.5,45.5,442.5,889.0,2023-12-09T01:01:26.000000+0000,2023-12-09T08:22:56.000000+0000
2023-12-09,14.0,0.0,155.0,80.5,62.0,297.5,609.0,2023-12-10T00:49:50.000000+0000,2023-12-10T06:00:50.000000+0000
2023-12-10,11.0,0.0,281.5,102.0,80.5,464.0,939.0,2023-12-10T23:20:04.000000+0000,2023-12-11T07:00:34.000000+0000
2023-12-11,6.0,0.0,209.0,67.0,45.0,321.0,648.0,2023-12-12T00:33:20.000000+0000,2023-12-12T05:07:50.000000+0000
2023-12-13,27.0,0.0,277.5,99.5,67.0,444.0,915.0,2023-12-13T22:08:25.000000+0000,2023-12-14T05:41:55.000000+0000
2023-12-14,4.0,0.0,218.5,76.5,45.5,340.5,685.0,2023-12-15T00:21:57.000000+0000,2023-12-15T06:03:57.000000+0000
2023-12-15,19.5,0.0,259.0,106.5,28.0,393.5,806.5,2023-12-15T23:07:27.000000+0000,2023-12-16T05:56:27.000000+0000
2023-12-16,31.5,0.0,339.5,116.0,61.0,516.5,1064.5,2023-12-16T23:45:27.000000+0000,2023-12-17T08:51:27.000000+0000
2023-12-17,34.0,0.0,253.0,109.0,59.0,421.0,876.0,2023-12-18T01:06:05.000000+0000,2023-12-18T08:40:05.000000+0000
2023-12-18,7.0,0.0,236.5,61.0,63.0,360.5,728.0,2023-12-18T23:52:11.000000+0000,2023-12-19T05:20:11.000000+0000
2023-12-19,30.5,0.0,207.0,65.5,69.0,341.5,713.5,2023-12-19T23:47:45.000000+0000,2023-12-20T05:52:15.000000+0000
2023-12-20,5.0,0.0,222.0,42.0,94.5,358.5,722.0,2023-12-21T00:08:04.000000+0000,2023-12-21T06:09:04.000000+0000
2023-12-21,3.0,0.0,248.5,110.0,70.0,428.5,860.0,2023-12-21T23:31:14.000000+0000,2023-12-22T06:36:14.000000+0000
2023-12-22,10.0,0.0,220.5,89.0,57.5,367.0,744.0,2023-12-22T23:45:20.000000+0000,2023-12-23T06:01:50.000000+0000
2023-12-23,0.0,0.0,147.0,67.0,113.0,327.0,654.0,2023-12-24T02:41:30.000000+0000,2023-12-24T07:27:30.000000+0000
2023-12-24,6.5,0.0,157.0,43.5,55.5,256.0,518.5,2023-12-25T01:39:25.000000+0000,2023-12-25T05:02:25.000000+0000
2023-12-25,2.0,0.0,192.0,75.5,74.0,341.5,685.0,2023-12-26T02:26:27.000000+0000,2023-12-26T07:30:27.000000+0000
2023-12-27,2.0,0.0,142.5,35.0,37.0,214.5,431.0,2023-12-28T02:23:37.000000+0000,2023-12-28T05:53:37.000000+0000
2023-12-28,7.5,0.0,247.5,119.5,64.5,431.5,870.5,2023-12-29T02:32:57.000000+0000,2023-12-29T09:50:27.000000+0000
2024-01-01,16.0,0.0,321.5,121.0,51.5,494.0,1004.0,2024-01-02T01:54:57.000000+0000,2024-01-02T10:21:27.000000+0000
2024-01-02,3.5,0.0,165.5,57.5,76.5,299.5,602.5,2024-01-03T01:10:57.000000+0000,2024-01-03T06:08:27.000000+0000
2024-01-07,11.5,0.0,203.0,56.0,42.0,301.0,613.5,2024-01-08T00:47:06.000000+0000,2024-01-08T05:58:36.000000+0000
2024-01-10,5.0,0.0,228.5,87.5,72.0,388.0,781.0,2024-01-10T23:28:57.000000+0000,2024-01-11T05:14:27.000000+0000
2024-01-11,5.5,0.0,194.5,51.0,51.5,297.0,599.5,2024-01-12T00:57:25.000000+0000,2024-01-12T05:59:25.000000+0000
2024-01-13,6.0,0.0,251.5,40.0,49.5,341.0,688.0,2024-01-14T00:17:57.000000+0000,2024-01-14T06:03:27.000000+0000
2024-01-14,8.5,0.0,165.5,76.5,71.5,313.5,635.5,2024-01-15T00:21:57.000000+0000,2024-01-15T05:41:27.000000+0000
2024-01-16,3.5,0.0,230.5,105.5,45.5,381.5,766.5,2024-01-16T23:39:58.000000+0000,2024-01-17T06:02:28.000000+0000
2024-01-17,2.0,0.0,199.5,80.5,77.0,357.0,716.0,2024-01-18T00:03:36.000000+0000,2024-01-18T06:02:06.000000+0000
2024-01-18,6.0,0.0,258.5,108.5,57.5,424.5,855.0,2024-01-18T22:49:40.000000+0000,2024-01-19T05:54:40.000000+0000
2024-01-19,7.5,0.0,241.5,103.5,81.0,426.0,859.5,2024-01-19T22:57:21.000000+0000,2024-01-20T06:03:21.000000+0000
2024-01-20,0.5,0.0,162.5,91.5,45.5,299.5,599.5,2024-01-21T01:13:58.000000+0000,2024-01-21T06:05:58.000000+0000
2024-01-21,11.0,0.0,271.0,71.5,74.0,416.5,844.0,2024-01-21T22:52:31.000000+0000,2024-01-22T05:52:01.000000+0000
2024-01-22,13.0,0.0,270.0,98.0,67.0,435.0,883.0,2024-01-22T23:43:07.000000+0000,2024-01-23T07:09:07.000000+0000
2024-01-23,28.0,0.0,297.5,100.5,45.0,443.0,914.0,2024-01-23T22:59:56.000000+0000,2024-01-24T06:49:56.000000+0000
2024-01-24,11.0,0.0,223.5,77.0,67.0,367.5,746.0,2024-01-24T23:54:27.000000+0000,2024-01-25T06:11:27.000000+0000
2024-01-25,2.0,0.0,154.5,67.0,49.0,270.5,543.0,2024-01-26T01:33:12.000000+0000,2024-01-26T05:57:42.000000+0000
2024-01-26,4.0,0.0,211.5,104.0,75.5,391.0,786.0,2024-01-26T23:25:27.000000+0000,2024-01-27T05:59:57.000000+0000
2024-01-27,6.0,0.0,189.5,63.0,62.0,314.5,635.0,2024-01-28T01:13:04.000000+0000,2024-01-28T06:07:34.000000+0000
2024-01-28,2.0,0.0,246.5,83.0,48.0,377.5,757.0,2024-01-28T23:55:16.000000+0000,2024-01-29T05:47:46.000000+0000
2024-01-29,6.0,0.0,286.5,80.5,54.0,421.0,848.0,2024-01-29T23:12:44.000000+0000,2024-01-30T06:12:44.000000+0000
2024-01-30,1.5,0.0,226.0,67.0,72.5,365.5,732.5,2024-01-30T23:54:22.000000+0000,2024-01-31T06:00:22.000000+0000
2024-01-31,4.0,0.0,260.0,84.5,48.5,393.0,790.0,2024-01-31T23:32:41.000000+0000,2024-02-01T06:03:11.000000+0000
2024-02-01,9.0,0.0,301.0,128.5,70.5,500.0,1009.0,2024-02-02T00:03:04.000000+0000,2024-02-02T08:27:34.000000+0000
2024-02-03,1.5,0.0,199.5,55.0,61.5,316.0,633.5,2024-02-04T00:44:02.000000+0000,2024-02-04T06:01:02.000000+0000
2024-02-04,7.0,0.0,214.0,52.0,50.0,316.0,639.0,2024-02-05T00:36:38.000000+0000,2024-02-05T05:53:38.000000+0000
2024-02-05,5.5,0.0,253.0,80.0,73.0,406.0,817.5,2024-02-05T23:44:50.000000+0000,2024-02-06T06:30:20.000000+0000
2024-02-06,1.5,0.0,124.5,45.5,67.5,237.5,476.5,2024-02-07T02:01:50.000000+0000,2024-02-07T05:48:20.000000+0000
2024-02-07,6.5,0.0,250.5,78.5,55.5,384.5,775.5,2024-02-07T23:31:01.000000+0000,2024-02-08T05:49:01.000000+0000
2024-02-08,7.5,0.0,217.0,61.0,61.0,339.0,685.5,2024-02-09T00:13:57.000000+0000,2024-02-09T05:47:27.000000+0000
2024-02-09,20.5,0.0,223.5,95.0,47.0,365.5,751.5,2024-02-10T00:02:57.000000+0000,2024-02-10T06:27:57.000000+0000
2024-02-10,4.5,0.0,322.5,146.0,46.0,514.5,1033.5,2024-02-10T23:52:27.000000+0000,2024-02-11T08:25:57.000000+0000
2024-02-12,3.0,0.0,271.0,87.5,50.0,408.5,820.0,2024-02-12T23:36:52.000000+0000,2024-02-13T06:22:22.000000+0000
2024-02-13,10.0,0.0,192.5,89.5,69.0,351.0,712.0,2024-02-14T00:05:26.000000+0000,2024-02-14T06:04:26.000000+0000
2024-02-14,8.5,0.0,255.0,110.0,66.0,431.0,870.5,2024-02-14T23:03:32.000000+0000,2024-02-15T06:22:32.000000+0000
2024-02-16,3.5,0.0,198.5,105.0,84.5,388.0,779.5,2024-02-16T23:57:52.000000+0000,2024-02-17T06:08:52.000000+0000
2024-02-17,5.5,0.0,204.5,83.0,70.0,357.5,720.5,2024-02-18T00:45:48.000000+0000,2024-02-18T06:31:18.000000+0000
2024-02-20,10.5,0.0,252.0,118.0,47.0,417.0,844.5,2024-02-20T23:04:17.000000+0000,2024-02-21T06:09:47.000000+0000
2024-02-21,6.0,0.0,252.0,114.5,74.5,441.0,888.0,2024-02-21T23:01:30.000000+0000,2024-02-22T06:02:30.000000+0000
2024-02-23,2.5,0.0,285.0,133.0,50.5,468.5,939.5,2024-02-23T22:37:14.000000+0000,2024-02-24T06:12:14.000000+0000
2024-02-24,21.5,0.0,314.0,104.5,53.5,472.0,965.5,2024-02-24T22:06:40.000000+0000,2024-02-25T06:18:10.000000+0000
2024-02-26,66.0,0.0,220.0,97.5,32.0,349.5,765.0,2024-02-26T23:13:59.000000+0000,2024-02-27T06:07:59.000000+0000
2024-02-28,15.5,0.0,245.0,86.0,69.0,400.0,815.5,2024-02-28T23:04:44.000000+0000,2024-02-29T05:58:44.000000+0000
2024-02-29,2.0,0.0,197.0,118.5,81.5,397.0,796.0,2024-02-29T23:31:06.000000+0000,2024-03-01T05:51:06.000000+0000
2024-03-01,9.0,0.0,264.5,107.5,79.0,451.0,911.0,2024-03-02T00:17:47.000000+0000,2024-03-02T07:43:17.000000+0000
2024-03-02,1.5,0.0,257.0,111.5,74.5,443.0,887.5,2024-03-02T23:06:57.000000+0000,2024-03-03T06:21:57.000000+0000
2024-03-03,8.0,0.0,181.5,44.0,61.0,286.5,581.0,2024-03-04T01:06:38.000000+0000,2024-03-04T05:51:38.000000+0000
2024-03-05,0.0,0.0,231.0,78.5,36.5,346.0,692.0,2024-03-06T00:17:27.000000+0000,2024-03-06T05:21:57.000000+0000
2024-03-08,26.5,0.0,214.0,57.0,82.0,353.0,732.5,2024-03-08T23:42:14.000000+0000,2024-03-09T06:01:14.000000+0000
2024-03-11,1.0,0.0,188.5,63.0,61.5,313.0,627.0,2024-03-12T01:22:40.000000+0000,2024-03-12T06:14:10.000000+0000
2024-03-12,7.0,0.0,175.0,63.5,86.5,325.0,657.0,2024-03-13T00:25:05.000000+0000,2024-03-13T05:01:05.000000+0000
2024-03-13,3.5,0.0,269.0,108.5,58.0,435.5,874.5,2024-03-14T00:41:07.000000+0000,2024-03-14T07:55:37.000000+0000
2024-03-15,6.0,0.0,252.0,102.0,67.0,421.0,848.0,2024-03-15T23:30:27.000000+0000,2024-03-16T06:34:57.000000+0000
2024-03-17,11.0,0.0,189.5,80.5,44.0,314.0,639.0,2024-03-18T00:58:05.000000+0000,2024-03-18T06:04:05.000000+0000
2024-03-20,11.5,0.0,279.5,92.5,51.5,423.5,858.5,2024-03-21T01:25:20.000000+0000,2024-03-21T08:31:50.000000+0000
2024-03-21,0.5,0.0,244.5,89.0,80.0,413.5,827.5,2024-03-21T23:16:56.000000+0000,2024-03-22T06:08:56.000000+0000
2024-03-22,4.0,0.0,246.0,85.0,89.5,420.5,845.0,2024-03-23T01:16:57.000000+0000,2024-03-23T08:01:27.000000+0000
2024-03-24,3.5,0.0,173.5,48.0,76.0,297.5,598.5,2024-03-25T01:00:06.000000+0000,2024-03-25T05:58:06.000000+0000
2024-03-25,3.0,0.0,219.5,86.0,75.0,380.5,764.0,2024-03-25T23:57:04.000000+0000,2024-03-26T05:39:04.000000+0000
2024-03-26,2.5,0.0,258.0,72.0,65.0,395.0,792.5,2024-03-26T23:22:38.000000+0000,2024-03-27T05:47:38.000000+0000
2024-03-28,23.5,0.0,278.5,78.0,78.0,434.5,892.5,2024-03-29T00:08:57.000000+0000,2024-03-29T07:46:27.000000+0000
2024-03-29,42.0,0.0,204.0,50.0,35.5,289.5,621.0,2024-03-30T00:38:00.000000+0000,2024-03-30T05:45:00.000000+0000
2024-03-30,11.5,0.0,244.0,111.0,87.5,442.5,896.5,2024-03-31T00:19:45.000000+0000,2024-03-31T07:50:45.000000+0000
2024-03-31,5.5,0.0,243.5,80.5,64.5,388.5,782.5,2024-03-31T23:25:59.000000+0000,2024-04-01T05:59:29.000000+0000
2024-04-01,12.0,0.0,223.0,85.5,62.0,370.5,753.0,2024-04-02T00:59:27.000000+0000,2024-04-02T07:20:57.000000+0000
2024-04-02,2.5,0.0,230.0,116.5,65.5,412.0,826.5,2024-04-02T23:28:57.000000+0000,2024-04-03T06:16:27.000000+0000
2024-04-05,37.0,0.0,239.5,83.0,29.5,352.0,741.0,2024-04-05T22:31:12.000000+0000,2024-04-06T04:48:42.000000+0000
2024-04-06,8.5,0.0,138.5,103.5,67.5,309.5,627.5,2024-04-06T23:41:54.000000+0000,2024-04-07T04:53:54.000000+0000
2024-04-07,5.0,0.0,322.5,121.0,71.0,514.5,1034.0,2024-04-07T23:23:58.000000+0000,2024-04-08T07:56:58.000000+0000
2024-04-09,12.5,0.0,272.0,104.5,68.5,445.0,902.5,2024-04-09T23:56:27.000000+0000,2024-04-10T07:13:57.000000+0000
2024-04-10,26.5,0.0,229.0,119.5,88.0,436.5,899.5,2024-04-11T00:34:57.000000+0000,2024-04-11T08:15:57.000000+0000
2024-04-11,3.0,0.0,197.0,56.5,47.5,301.0,605.0,2024-04-12T00:07:27.000000+0000,2024-04-12T04:56:27.000000+0000
2024-04-13,3.5,0.0,189.5,73.5,77.5,340.5,684.5,2024-04-13T23:20:57.000000+0000,2024-04-14T05:03:57.000000+0000
2024-04-15,3.0,0.0,270.0,84.0,57.0,411.0,825.0,2024-04-15T22:06:43.000000+0000,2024-04-16T04:52:43.000000+0000
2024-04-16,15.5,0.0,330.5,87.5,51.5,469.5,1068.0,2024-04-16T21:52:39.000000+0000,2024-04-17T19:46:05.000000+0000
2024-04-17,42.0,0.0,296.0,128.5,63.0,487.5,903.5,2024-04-17T20:10:35.000000+0000,2024-04-18T04:41:35.000000+0000
2024-04-18,1.5,0.0,224.5,115.5,64.5,404.5,810.5,2024-04-18T22:14:41.000000+0000,2024-04-19T04:52:41.000000+0000
2024-04-19,4.0,0.0,151.5,77.0,69.0,297.5,599.0,2024-04-20T00:12:38.000000+0000,2024-04-20T05:12:38.000000+0000
2024-04-20,8.5,0.0,221.5,118.5,64.5,404.5,817.5,2024-04-20T22:19:21.000000+0000,2024-04-21T04:48:21.000000+0000
2024-04-22,4.0,0.0,232.5,84.5,53.5,370.5,745.0,2024-04-22T22:45:49.000000+0000,2024-04-23T04:48:49.000000+0000
2024-04-23,19.0,0.0,296.5,130.5,36.0,463.0,945.0,2024-04-23T20:49:21.000000+0000,2024-04-24T04:50:51.000000+0000
2024-04-24,47.5,0.0,295.5,118.0,41.0,454.5,956.5,2024-04-24T20:31:30.000000+0000,2024-04-25T04:52:00.000000+0000
2024-04-25,16.0,0.0,233.0,106.5,84.0,423.5,863.0,2024-04-25T21:40:27.000000+0000,2024-04-26T04:58:27.000000+0000
2024-04-26,27.0,0.0,271.0,109.0,78.0,458.0,943.0,2024-04-26T21:04:40.000000+0000,2024-04-27T04:49:40.000000+0000
2024-04-27,43.0,0.0,308.0,116.0,56.0,480.0,1003.0,2024-04-27T22:43:54.000000+0000,2024-04-28T07:25:24.000000+0000
2024-04-28,7.5,0.0,261.5,78.0,63.0,402.5,812.5,2024-04-28T22:16:07.000000+0000,2024-04-29T05:02:37.000000+0000
2024-04-29,12.5,0.0,272.5,76.0,72.0,420.5,853.5,2024-04-29T21:57:42.000000+0000,2024-04-30T05:08:12.000000+0000
2024-04-30,4.0,0.0,268.0,117.0,45.5,430.5,865.0,2024-04-30T21:45:21.000000+0000,2024-05-01T04:56:51.000000+0000
2024-05-01,28.5,0.0,305.0,85.5,64.5,455.0,938.5,2024-05-01T20:48:29.000000+0000,2024-05-02T04:38:59.000000+0000
2024-05-02,71.0,0.0,282.5,106.5,61.0,450.0,971.0,2024-05-02T20:18:57.000000+0000,2024-05-03T04:57:57.000000+0000
2024-05-03,55.0,0.0,251.5,116.5,80.0,448.0,951.0,2024-05-03T20:52:57.000000+0000,2024-05-04T05:12:27.000000+0000
2024-05-04,4.5,0.0,206.5,117.0,66.5,390.0,784.5,2024-05-05T00:14:27.000000+0000,2024-05-05T06:25:57.000000+0000
2024-05-05,7.0,0.0,162.5,60.0,88.5,311.0,629.0,2024-05-05T22:59:06.000000+0000,2024-05-06T03:58:36.000000+0000
2024-05-06,3.0,0.0,303.5,106.0,50.5,460.0,923.0,2024-05-06T21:19:06.000000+0000,2024-05-07T04:32:06.000000+0000
2024-05-07,7.5,0.0,140.0,70.0,75.0,285.0,577.5,2024-05-08T00:07:49.000000+0000,2024-05-08T04:54:19.000000+0000
2024-05-08,1.5,0.0,265.5,116.0,83.5,465.0,931.5,2024-05-08T21:53:11.000000+0000,2024-05-09T05:18:11.000000+0000
2024-05-09,13.5,0.0,257.5,116.5,57.5,431.5,876.5,2024-05-09T22:07:41.000000+0000,2024-05-10T05:15:41.000000+0000
2024-05-10,2.0,0.0,174.0,72.0,43.0,289.0,580.0,2024-05-11T00:44:14.000000+0000,2024-05-11T05:10:44.000000+0000
2024-05-12,8.5,0.0,205.5,79.5,79.0,364.0,736.5,2024-05-12T22:48:13.000000+0000,2024-05-13T04:46:13.000000+0000
2024-05-16,18.5,0.0,252.0,81.5,48.0,381.5,781.5,2024-05-16T22:29:23.000000+0000,2024-05-17T05:08:23.000000+0000
2024-05-17,6.5,0.0,277.0,114.5,51.5,443.0,892.5,2024-05-17T22:14:43.000000+0000,2024-05-18T05:40:13.000000+0000
2024-05-18,50.5,0.0,308.0,94.0,70.5,472.5,995.5,2024-05-18T20:22:39.000000+0000,2024-05-19T04:59:39.000000+0000
2024-05-19,5.0,0.0,268.5,89.0,69.5,427.0,859.0,2024-05-19T21:59:28.000000+0000,2024-05-20T04:51:58.000000+0000
2024-05-21,20.5,0.0,253.0,109.0,57.5,419.5,859.5,2024-05-21T21:45:10.000000+0000,2024-05-22T05:02:40.000000+0000
2024-05-22,1.5,0.0,264.5,100.0,33.0,397.5,796.5,2024-05-22T22:21:28.000000+0000,2024-05-23T04:41:28.000000+0000
2024-05-25,3.0,0.0,228.5,125.5,91.5,445.5,894.0,2024-05-25T21:31:26.000000+0000,2024-05-26T04:29:56.000000+0000
2024-05-26,9.0,0.0,269.5,120.5,96.5,486.5,982.0,2024-05-26T20:54:58.000000+0000,2024-05-27T05:02:28.000000+0000
2024-05-27,7.5,0.0,275.0,65.0,80.0,420.0,847.5,2024-05-27T22:02:47.000000+0000,2024-05-28T05:03:47.000000+0000
2024-05-28,7.5,0.0,257.5,68.0,74.0,399.5,806.5,2024-05-28T22:22:26.000000+0000,2024-05-29T05:02:56.000000+0000
2024-05-29,6.0,0.0,275.0,92.0,73.0,440.0,886.0,2024-05-29T20:22:52.000000+0000,2024-05-30T03:30:22.000000+0000
2024-05-30,2.0,0.0,194.5,91.5,62.0,348.0,698.0,2024-05-30T23:39:50.000000+0000,2024-05-31T05:12:20.000000+0000
2024-05-31,15.5,0.0,257.5,107.0,52.5,417.0,849.5,2024-05-31T21:58:37.000000+0000,2024-06-01T05:08:37.000000+0000
2024-06-01,11.5,0.0,206.0,45.5,56.5,308.0,627.5,2024-06-01T23:42:02.000000+0000,2024-06-02T04:59:02.000000+0000
2024-06-02,22.0,0.0,200.0,93.5,59.0,352.5,727.0,2024-06-02T22:45:22.000000+0000,2024-06-03T04:45:52.000000+0000
2024-06-03,7.5,0.0,214.0,101.0,59.0,374.0,755.5,2024-06-03T22:53:27.000000+0000,2024-06-04T04:50:27.000000+0000
2024-06-04,39.0,0.0,211.5,61.0,71.0,343.5,726.0,2024-06-04T22:37:42.000000+0000,2024-06-05T04:56:42.000000+0000
2024-06-06,13.5,0.0,242.0,41.0,60.5,343.5,700.5,2024-06-06T23:03:06.000000+0000,2024-06-07T04:58:36.000000+0000
2024-06-07,1.5,0.0,203.0,67.5,78.0,348.5,698.5,2024-06-07T23:09:49.000000+0000,2024-06-08T04:37:19.000000+0000
2024-06-08,56.0,0.0,279.0,115.0,71.5,465.5,987.0,2024-06-08T20:42:03.000000+0000,2024-06-09T05:21:33.000000+0000
2024-06-09,5.5,0.0,280.5,128.5,72.0,481.0,967.5,2024-06-09T21:13:23.000000+0000,2024-06-10T05:12:53.000000+0000
2024-06-10,10.0,0.0,299.0,112.5,65.0,476.5,963.0,2024-06-10T20:53:27.000000+0000,2024-06-11T04:59:27.000000+0000
2024-06-11,8.0,0.0,241.0,62.5,59.0,362.5,733.0,2024-06-11T22:46:08.000000+0000,2024-06-12T04:52:38.000000+0000
2024-06-12,13.0,0.0,309.5,117.5,44.5,471.5,956.0,2024-06-12T20:55:20.000000+0000,2024-06-13T04:56:20.000000+0000
2024-06-13,30.0,0.0,234.0,125.5,76.5,436.0,902.0,2024-06-13T21:23:27.000000+0000,2024-06-14T05:08:27.000000+0000
2024-06-16,13.5,0.0,222.0,80.5,57.0,359.5,732.5,2024-06-16T22:46:57.000000+0000,2024-06-17T04:27:57.000000+0000
2024-06-17,13.0,0.0,296.5,98.0,49.5,444.0,901.0,2024-06-17T21:22:33.000000+0000,2024-06-18T04:25:33.000000+0000
2024-06-19,8.5,0.0,308.0,58.0,44.5,410.5,829.5,2024-06-19T22:00:24.000000+0000,2024-06-20T04:50:24.000000+0000
2024-06-20,0.0,0.0,234.0,84.0,40.5,358.5,717.0,2024-06-20T23:00:28.000000+0000,2024-06-21T04:50:28.000000+0000
2024-06-22,6.0,0.0,98.0,38.0,51.5,187.5,381.0,2024-06-23T02:48:35.000000+0000,2024-06-23T05:45:05.000000+0000
2024-06-23,1.5,0.0,232.0,134.0,86.0,452.0,905.5,2024-06-23T22:42:57.000000+0000,2024-06-24T05:51:57.000000+0000
2024-06-24,4.0,0.0,267.0,85.0,29.5,381.5,767.0,2024-06-24T22:34:44.000000+0000,2024-06-25T04:35:14.000000+0000
2024-06-26,2.0,0.0,240.0,100.5,62.5,403.0,808.0,2024-06-26T22:19:19.000000+0000,2024-06-27T04:53:49.000000+0000
2024-06-27,5.0,0.0,238.0,75.5,60.5,374.0,753.0,2024-06-27T22:43:54.000000+0000,2024-06-28T04:59:54.000000+0000
2024-06-28,2.5,0.0,165.5,76.0,51.5,293.0,588.5,2024-06-29T00:02:57.000000+0000,2024-06-29T04:46:57.000000+0000
2024-07-01,48.5,0.0,297.5,112.5,59.5,469.5,987.5,2024-07-01T23:17:03.000000+0000,2024-07-02T07:54:03.000000+0000
2024-07-02,4.0,0.0,214.0,46.0,69.5,329.5,663.0,2024-07-02T23:26:42.000000+0000,2024-07-03T04:29:12.000000+0000
2024-07-03,4.5,0.0,264.0,105.5,64.5,434.0,872.5,2024-07-03T21:41:27.000000+0000,2024-07-04T04:59:27.000000+0000
2024-07-04,15.0,0.0,229.0,82.5,63.5,375.0,765.0,2024-07-04T22:29:57.000000+0000,2024-07-05T04:43:27.000000+0000
2024-07-05,15.0,0.0,217.5,111.0,74.5,403.0,821.0,2024-07-05T22:02:18.000000+0000,2024-07-06T04:37:18.000000+0000
2024-07-08,3.5,0.0,265.0,92.5,63.5,421.0,845.5,2024-07-08T21:55:29.000000+0000,2024-07-09T04:25:29.000000+0000
2024-07-10,27.0,0.0,264.5,119.5,81.5,465.5,958.0,2024-07-10T20:56:51.000000+0000,2024-07-11T05:08:51.000000+0000
2024-07-11,56.0,0.0,236.5,85.5,53.0,375.0,806.0,2024-07-11T21:48:56.000000+0000,2024-07-12T04:59:26.000000+0000
2024-07-12,4.5,0.0,250.5,98.0,76.0,424.5,853.5,2024-07-12T21:53:35.000000+0000,2024-07-13T04:57:35.000000+0000
2024-07-13,6.0,0.0,212.5,94.5,54.5,361.5,729.0,2024-07-13T22:57:15.000000+0000,2024-07-14T05:03:15.000000+0000
2024-07-14,10.5,0.0,362.5,144.0,62.0,568.5,1147.5,2024-07-14T21:40:57.000000+0000,2024-07-15T07:17:27.000000+0000
2024-07-15,6.0,0.0,96.5,74.0,49.0,219.5,445.0,2024-07-16T01:14:53.000000+0000,2024-07-16T04:58:23.000000+0000
2024-07-16,5.0,0.0,261.5,73.0,54.5,389.0,783.0,2024-07-17T00:10:33.000000+0000,2024-07-17T06:18:33.000000+0000
2024-07-17,18.0,0.0,281.0,103.5,76.5,461.0,940.0,2024-07-17T21:01:41.000000+0000,2024-07-18T04:18:11.000000+0000
2024-07-18,28.5,0.0,296.0,59.5,42.5,398.0,824.5,2024-07-18T21:51:38.000000+0000,2024-07-19T04:53:38.000000+0000
2024-07-19,13.0,0.0,249.0,103.5,59.0,411.5,836.0,2024-07-19T22:55:58.000000+0000,2024-07-20T05:51:58.000000+0000
2024-07-21,21.0,0.0,298.0,90.5,63.5,452.0,925.0,2024-07-21T21:06:29.000000+0000,2024-07-22T04:55:29.000000+0000
2024-07-22,5.0,0.0,256.5,79.5,66.5,402.5,810.0,2024-07-22T22:12:27.000000+0000,2024-07-23T04:58:57.000000+0000
2024-07-24,6.0,0.0,295.5,139.0,80.0,514.5,1035.0,2024-07-24T20:59:27.000000+0000,2024-07-25T05:38:57.000000+0000
2024-07-25,7.0,0.0,260.5,115.5,65.5,441.5,890.0,2024-07-25T21:43:36.000000+0000,2024-07-26T05:02:36.000000+0000
2024-07-27,14.0,0.0,309.0,100.5,46.5,456.0,926.0,2024-07-27T21:11:40.000000+0000,2024-07-28T05:00:40.000000+0000
2024-07-29,7.5,0.0,257.5,78.5,59.5,395.5,798.5,2024-07-29T22:16:44.000000+0000,2024-07-30T04:56:44.000000+0000
2024-07-30,11.5,0.0,299.5,119.0,87.0,505.5,1022.5,2024-07-30T21:22:57.000000+0000,2024-07-31T05:58:57.000000+0000
2024-07-31,5.5,0.0,228.0,73.5,81.5,383.0,771.5,2024-08-01T00:09:27.000000+0000,2024-08-01T06:30:27.000000+0000
2024-08-01,3.0,0.0,275.5,126.5,46.0,448.0,899.0,2024-08-01T23:26:57.000000+0000,2024-08-02T06:39:57.000000+0000
2024-08-03,6.5,0.0,185.5,57.0,74.0,316.5,639.5,2024-08-03T23:37:10.000000+0000,2024-08-04T04:58:40.000000+0000
2024-08-04,3.5,0.0,306.0,131.5,49.5,487.0,977.5,2024-08-04T23:30:27.000000+0000,2024-08-05T07:13:27.000000+0000
2024-08-05,70.5,0.0,188.0,67.0,70.0,325.0,720.5,2024-08-05T22:33:57.000000+0000,2024-08-06T05:01:27.000000+0000
2024-08-06,5.0,0.0,284.5,108.0,72.5,465.0,935.0,2024-08-06T22:27:04.000000+0000,2024-08-07T06:16:34.000000+0000
2024-08-07,6.0,0.0,252.0,99.0,49.5,400.5,807.0,2024-08-07T22:50:04.000000+0000,2024-08-08T05:36:04.000000+0000
2024-08-09,3.5,0.0,302.0,97.0,56.0,455.0,913.5,2024-08-09T21:37:57.000000+0000,2024-08-10T05:06:57.000000+0000
2024-08-10,12.5,0.0,168.0,63.5,61.5,293.0,598.5,2024-08-11T00:04:56.000000+0000,2024-08-11T05:03:26.000000+0000
2024-08-11,7.0,0.0,309.0,112.0,58.5,479.5,966.0,2024-08-11T22:20:01.000000+0000,2024-08-12T06:24:01.000000+0000
2024-08-12,8.0,0.0,227.5,94.0,88.0,409.5,827.0,2024-08-12T22:32:39.000000+0000,2024-08-13T05:29:09.000000+0000
2024-08-13,4.5,0.0,242.5,73.5,62.0,378.0,760.5,2024-08-14T00:20:00.000000+0000,2024-08-14T06:33:00.000000+0000
2024-08-14,16.5,0.0,296.5,121.0,77.5,495.0,1006.5,2024-08-14T23:21:23.000000+0000,2024-08-15T07:47:53.000000+0000
2024-08-15,21.0,0.0,311.0,101.0,40.5,452.5,926.0,2024-08-15T23:23:09.000000+0000,2024-08-16T07:14:09.000000+0000
2024-08-16,10.0,0.0,408.0,124.5,77.0,609.5,1229.0,2024-08-16T21:15:27.000000+0000,2024-08-17T06:28:27.000000+0000
2024-08-17,44.0,0.0,207.5,57.5,50.5,315.5,675.0,2024-08-18T00:51:57.000000+0000,2024-08-18T06:48:27.000000+0000
2024-08-18,18.5,0.0,307.0,112.0,76.5,495.5,1009.5,2024-08-18T23:43:27.000000+0000,2024-08-19T08:15:27.000000+0000
2024-08-20,11.5,0.0,253.0,110.0,100.5,463.5,938.5,2024-08-20T22:40:25.000000+0000,2024-08-21T06:18:25.000000+0000
2024-08-21,19.5,0.0,235.0,107.5,71.5,414.0,847.5,2024-08-22T00:42:57.000000+0000,2024-08-22T07:43:57.000000+0000
2024-08-23,7.0,0.0,201.5,27.0,43.0,271.5,550.0,2024-08-24T02:54:01.000000+0000,2024-08-24T07:24:31.000000+0000
2024-08-24,16.5,0.0,309.5,123.0,54.5,487.0,990.5,2024-08-24T22:22:04.000000+0000,2024-08-25T06:44:34.000000+0000
2024-08-25,14.5,0.0,256.0,92.5,66.5,415.0,844.5,2024-08-25T22:04:27.000000+0000,2024-08-26T05:12:57.000000+0000
2024-08-27,4.5,0.0,180.0,60.0,66.5,306.5,617.5,2024-08-27T23:45:56.000000+0000,2024-08-28T04:43:56.000000+0000
2024-08-29,7.5,0.0,274.0,96.5,51.5,422.0,851.5,2024-08-29T22:54:27.000000+0000,2024-08-30T05:50:27.000000+0000
2024-08-30,4.5,0.0,224.0,69.5,33.5,327.0,658.5,2024-08-30T23:35:21.000000+0000,2024-08-31T04:24:51.000000+0000
2024-08-31,10.0,0.0,199.0,104.5,62.5,366.0,742.0,2024-09-01T00:55:52.000000+0000,2024-09-01T07:09:22.000000+0000
2024-09-02,7.0,0.0,229.0,90.0,49.5,368.5,744.0,2024-09-03T00:28:37.000000+0000,2024-09-03T06:19:37.000000+0000
2024-09-04,5.5,0.0,308.5,89.5,63.0,461.0,927.5,2024-09-04T22:14:22.000000+0000,2024-09-05T05:41:22.000000+0000
2024-09-05,4.0,0.0,266.5,123.0,58.5,448.0,900.0,2024-09-05T22:33:23.000000+0000,2024-09-06T06:00:23.000000+0000
2024-09-06,7.0,0.0,301.0,103.5,73.0,477.5,962.0,2024-09-06T20:49:26.000000+0000,2024-09-07T04:41:56.000000+0000
2024-09-07,6.5,0.0,259.5,109.5,63.5,432.5,871.5,2024-09-07T21:46:00.000000+0000,2024-09-08T05:02:00.000000+0000
2024-09-09,24.0,0.0,300.0,58.5,57.5,416.0,856.0,2024-09-09T21:40:14.000000+0000,2024-09-10T04:59:14.000000+0000
2024-09-10,3.0,0.0,187.5,49.5,73.5,310.5,624.0,2024-09-11T00:43:27.000000+0000,2024-09-11T05:45:57.000000+0000
2024-09-11,0.0,0.0,232.0,80.5,60.5,373.0,746.0,2024-09-11T23:06:51.000000+0000,2024-09-12T04:43:21.000000+0000
2024-09-13,11.5,0.0,208.5,86.5,78.0,373.0,757.5,2024-09-13T22:41:32.000000+0000,2024-09-14T04:37:32.000000+0000
2024-09-14,5.0,0.0,287.5,68.0,66.0,421.5,848.0,2024-09-14T21:56:27.000000+0000,2024-09-15T05:00:27.000000+0000
2024-09-15,8.5,0.0,236.0,84.0,63.0,383.0,774.5,2024-09-15T22:42:31.000000+0000,2024-09-16T05:13:31.000000+0000
2024-09-16,7.5,0.0,210.5,87.5,68.0,366.0,739.5,2024-09-16T23:17:57.000000+0000,2024-09-17T05:26:27.000000+0000
2024-09-17,6.5,0.0,281.5,80.0,62.0,423.5,853.5,2024-09-17T21:56:39.000000+0000,2024-09-18T05:03:09.000000+0000
2024-09-19,1.0,0.0,346.5,154.5,42.5,543.5,1088.0,2024-09-19T21:05:27.000000+0000,2024-09-20T05:43:27.000000+0000
2024-09-20,3.5,0.0,185.5,88.0,68.5,342.0,687.5,2024-09-20T23:14:27.000000+0000,2024-09-21T04:56:57.000000+0000
2024-09-21,14.5,0.0,218.0,49.0,52.5,319.5,653.5,2024-09-21T23:21:05.000000+0000,2024-09-22T04:52:05.000000+0000
2024-09-22,1.5,0.0,135.5,45.5,75.5,256.5,514.5,2024-09-23T00:42:20.000000+0000,2024-09-23T04:25:20.000000+0000
2024-09-24,0.0,0.0,197.0,97.5,77.0,371.5,743.0,2024-09-24T22:51:34.000000+0000,2024-09-25T05:02:04.000000+0000
2024-09-25,5.5,0.0,137.0,98.0,65.5,300.5,606.5,2024-09-26T00:22:57.000000+0000,2024-09-26T05:25:27.000000+0000
2024-09-26,4.0,0.0,202.0,51.0,74.5,327.5,659.0,2024-09-26T23:33:27.000000+0000,2024-09-27T04:35:27.000000+0000
2024-09-27,5.5,0.0,280.5,93.5,60.0,434.0,873.5,2024-09-27T21:40:57.000000+0000,2024-09-28T04:21:27.000000+0000
2024-09-28,160.0,0.0,175.5,65.0,45.0,285.5,731.0,2024-09-28T22:14:34.000000+0000,2024-09-29T05:04:34.000000+0000
2024-10-01,12.0,0.0,304.5,125.0,51.5,481.0,974.0,2024-10-01T21:03:27.000000+0000,2024-10-02T05:13:57.000000+0000
2024-10-02,16.5,0.0,338.0,126.5,52.0,516.5,1049.5,2024-10-02T21:05:21.000000+0000,2024-10-03T05:52:51.000000+0000
2024-10-03,11.0,0.0,303.5,107.5,51.5,462.5,936.0,2024-10-03T22:01:19.000000+0000,2024-10-04T05:49:19.000000+0000
2024-10-04,12.0,0.0,291.5,80.5,63.5,435.5,883.0,2024-10-04T21:41:50.000000+0000,2024-10-05T05:08:20.000000+0000
2024-10-05,4.5,0.0,223.5,69.5,89.5,382.5,769.5,2024-10-05T22:40:57.000000+0000,2024-10-06T05:06:57.000000+0000
2024-10-06,6.5,0.0,223.5,94.5,54.5,372.5,751.5,2024-10-06T22:50:36.000000+0000,2024-10-07T04:29:06.000000+0000
2024-10-07,3.0,0.0,253.0,93.5,60.0,406.5,816.0,2024-10-07T22:21:19.000000+0000,2024-10-08T04:39:19.000000+0000
2024-10-08,4.0,0.0,284.0,99.5,75.5,459.0,922.0,2024-10-08T21:23:56.000000+0000,2024-10-09T03:47:56.000000+0000
2024-10-09,23.0,0.0,271.5,100.5,60.5,432.5,888.0,2024-10-09T21:16:27.000000+0000,2024-10-10T04:45:57.000000+0000
2024-10-11,13.5,0.0,340.5,82.5,49.5,472.5,958.5,2024-10-11T21:13:27.000000+0000,2024-10-12T05:17:57.000000+0000
2024-10-13,25.0,0.0,285.5,83.0,53.0,421.5,868.0,2024-10-13T21:00:06.000000+0000,2024-10-14T04:23:36.000000+0000
2024-10-15,30.0,0.0,270.5,98.0,58.0,426.5,456.5,2024-10-15T20:52:55.000000+0000,2024-10-16T04:07:55.000000+0000
2024-10-16,6.5,0.0,152.0,37.5,48.5,238.0,244.5,2024-10-16T20:48:58.000000+0000,2024-10-17T00:51:28.000000+0000
2024-10-17,8.5,0.0,274.5,107.0,79.0,460.5,469.0,2024-10-17T21:24:39.000000+0000,2024-10-18T19:52:34.000000+0000
2024-10-18,74.0,95.5,311.5,138.5,85.0,630.5,704.5,2024-10-18T20:07:34.000000+0000,2024-10-19T08:00:39.000000+0000
2024-10-19,24.5,140.0,209.5,89.5,63.5,502.5,527.0,2024-10-19T22:55:29.000000+0000,2024-10-20T07:45:55.000000+0000
2024-10-20,6.5,0.0,257.5,81.5,43.0,382.0,388.5,2024-10-20T22:23:04.000000+0000,2024-10-21T04:50:34.000000+0000
2024-10-23,8.0,0.0,243.0,88.5,60.0,391.5,399.5,2024-10-23T22:21:24.000000+0000,2024-10-24T04:52:24.000000+0000
2024-10-24,13.0,117.5,224.0,126.0,80.0,547.5,560.5,2024-10-24T21:09:23.000000+0000,2024-10-25T06:18:35.000000+0000
2024-10-25,25.0,103.0,173.5,38.0,73.0,387.5,412.5,2024-10-25T23:38:06.000000+0000,2024-10-26T06:36:41.000000+0000
2024-10-27,22.5,0.0,251.0,116.0,62.5,429.5,452.0,2024-10-27T21:58:25.000000+0000,2024-10-28T04:55:55.000000+0000
2024-10-28,5.0,0.0,273.5,97.0,55.5,426.0,431.0,2024-10-28T22:32:19.000000+0000,2024-10-29T05:26:19.000000+0000
2024-10-29,7.0,0.0,177.0,80.0,87.0,344.0,351.0,2024-10-29T23:39:30.000000+0000,2024-10-30T05:25:30.000000+0000
2024-10-30,15.5,134.0,277.0,30.0,55.5,496.5,512.0,2024-10-31T00:59:43.000000+0000,2024-10-31T08:17:52.000000+0000
2024-11-02,12.5,103.5,0.0,0.0,0.0,103.5,116.0,2024-11-03T05:03:14.000000+0000,2024-11-03T06:57:14.000000+0000
2024-11-03,4.0,0.0,311.5,150.5,57.0,519.0,523.0,2024-11-03T22:56:58.000000+0000,2024-11-04T07:38:28.000000+0000
2024-11-04,3.0,63.5,147.5,62.5,72.0,345.5,348.5,2024-11-05T01:45:15.000000+0000,2024-11-05T06:44:14.000000+0000
2024-11-05,0.0,0.0,200.0,41.0,43.0,284.0,284.0,2024-11-06T01:46:27.000000+0000,2024-11-06T05:41:27.000000+0000
2024-11-06,1.0,0.0,284.5,124.5,66.0,475.0,476.0,2024-11-06T23:38:56.000000+0000,2024-11-07T07:09:26.000000+0000
2024-11-08,55.0,287.0,0.0,0.0,0.0,287.0,342.0,2024-11-09T06:39:25.000000+0000,2024-11-09T17:31:09.000000+0000
2024-11-09,5.0,0.0,183.5,88.5,54.0,326.0,331.0,2024-11-09T23:57:22.000000+0000,2024-11-10T04:43:52.000000+0000
2024-11-10,23.0,0.0,266.5,71.0,66.5,404.0,427.0,2024-11-11T00:17:47.000000+0000,2024-11-11T19:59:03.000000+0000
2024-11-11,199.5,0.0,301.5,92.5,39.5,433.5,633.0,2024-11-11T20:02:33.000000+0000,2024-11-12T05:49:03.000000+0000
2024-11-12,4.0,0.0,219.0,93.5,70.5,383.0,387.0,2024-11-12T23:02:53.000000+0000,2024-11-13T05:14:53.000000+0000
2024-11-13,14.5,65.0,255.0,143.0,42.5,505.5,520.0,2024-11-13T23:03:29.000000+0000,2024-11-14T07:42:38.000000+0000
2024-11-14,14.0,231.0,243.0,100.5,53.0,627.5,641.5,2024-11-14T23:16:08.000000+0000,2024-11-15T17:29:46.000000+0000
2024-11-15,4.5,122.5,239.0,88.5,47.0,497.0,501.5,2024-11-15T23:34:35.000000+0000,2024-11-16T06:01:57.000000+0000
2024-11-16,19.0,0.0,318.5,91.5,86.0,496.0,515.0,2024-11-17T00:26:11.000000+0000,2024-11-17T09:04:13.000000+0000
2024-11-17,7.5,0.0,322.5,76.0,40.0,438.5,446.0,2024-11-17T23:30:53.000000+0000,2024-11-18T06:55:53.000000+0000
2024-11-18,6.0,0.0,232.0,106.5,56.5,395.0,401.0,2024-11-18T22:58:13.000000+0000,2024-11-19T05:33:13.000000+0000
2024-11-19,11.0,0.0,263.5,122.5,62.5,448.5,459.5,2024-11-19T22:09:19.000000+0000,2024-11-20T05:44:49.000000+0000
2024-11-20,6.5,103.5,250.0,119.0,70.5,543.0,549.5,2024-11-20T22:22:52.000000+0000,2024-11-21T07:20:26.000000+0000
2024-11-21,11.0,68.5,261.5,121.0,109.5,560.5,571.5,2024-11-21T21:57:44.000000+0000,2024-11-22T07:29:39.000000+0000
2024-11-22,1.0,0.0,310.5,130.0,57.5,498.0,499.0,2024-11-23T00:05:57.000000+0000,2024-11-23T08:21:27.000000+0000
2024-11-23,33.0,156.0,246.0,72.0,61.5,535.5,568.5,2024-11-23T23:17:15.000000+0000,2024-11-24T08:52:11.000000+0000
2024-11-24,5.0,0.0,303.0,106.0,66.0,475.0,480.0,2024-11-24T22:48:05.000000+0000,2024-11-25T06:45:35.000000+0000
2024-11-27,1.5,0.0,147.5,59.0,92.0,298.5,300.0,2024-11-27T23:44:56.000000+0000,2024-11-28T19:45:54.000000+0000
2024-11-28,267.0,0.0,266.5,104.0,33.0,403.5,670.5,2024-11-28T20:14:24.000000+0000,2024-11-29T07:10:54.000000+0000
2024-11-29,7.5,135.5,280.5,113.0,55.5,584.5,592.0,2024-11-29T21:58:37.000000+0000,2024-11-30T07:00:19.000000+0000
2024-11-30,62.0,0.0,355.0,101.0,56.0,512.0,574.0,2024-11-30T22:27:40.000000+0000,2024-12-01T07:51:40.000000+0000
2024-12-02,9.5,0.0,269.0,124.5,63.0,456.5,466.0,2024-12-02T21:45:31.000000+0000,2024-12-03T05:14:31.000000+0000
2024-12-06,7.0,85.0,234.0,96.5,71.0,486.5,493.5,2024-12-06T23:14:30.000000+0000,2024-12-07T14:44:10.000000+0000
2024-12-07,7.5,0.0,305.0,153.0,120.5,578.5,586.0,2024-12-07T23:33:09.000000+0000,2024-12-08T09:20:37.000000+0000
2024-12-08,7.0,81.5,297.0,108.5,75.0,562.0,569.0,2024-12-08T23:28:03.000000+0000,2024-12-09T07:49:59.000000+0000
2024-12-09,15.0,0.0,246.0,58.5,52.0,356.5,371.5,2024-12-09T23:38:01.000000+0000,2024-12-10T05:45:01.000000+0000
2024-12-10,5.5,0.0,233.5,89.5,75.0,398.0,403.5,2024-12-10T23:25:17.000000+0000,2024-12-11T06:06:17.000000+0000
2024-12-12,10.5,65.0,139.0,39.0,74.0,317.0,327.5,2024-12-13T01:29:57.000000+0000,2024-12-13T07:03:24.000000+0000
2024-12-13,1.5,0.0,222.5,93.0,61.5,377.0,378.5,2024-12-13T22:59:28.000000+0000,2024-12-14T05:10:58.000000+0000
2024-12-14,21.5,159.0,205.5,108.0,63.5,536.0,557.5,2024-12-14T23:00:19.000000+0000,2024-12-15T08:25:22.000000+0000
2024-12-15,115.5,0.0,267.0,81.0,56.0,404.0,519.5,2024-12-15T23:17:47.000000+0000,2024-12-16T07:54:17.000000+0000
2024-12-16,4.0,0.0,250.5,71.5,62.5,384.5,388.5,2024-12-16T23:31:24.000000+0000,2024-12-17T05:06:24.000000+0000
2024-12-17,9.5,0.0,280.0,91.0,42.5,413.5,423.0,2024-12-17T23:15:03.000000+0000,2024-12-18T06:14:33.000000+0000
2024-12-18,2.5,60.0,0.0,0.0,0.0,60.0,62.5,2024-12-18T22:42:57.000000+0000,2024-12-18T22:55:57.000000+0000
2024-12-19,6.0,147.5,190.5,95.0,67.0,500.0,506.0,2024-12-19T23:43:42.000000+0000,2024-12-20T08:14:06.000000+0000
2024-12-20,4.5,0.0,299.0,127.0,103.5,529.5,534.0,2024-12-20T23:37:28.000000+0000,2024-12-21T08:10:54.000000+0000
2024-12-22,3.0,121.0,221.0,77.5,54.5,474.0,477.0,2024-12-23T01:07:09.000000+0000,2024-12-23T07:08:22.000000+0000
2024-12-23,0.0,0.0,246.5,93.5,59.5,399.5,399.5,2024-12-24T02:37:07.000000+0000,2024-12-24T08:44:07.000000+0000
2024-12-24,26.0,0.0,414.0,102.0,63.5,579.5,605.5,2024-12-25T00:21:47.000000+0000,2024-12-25T10:26:17.000000+0000
2024-12-25,64.5,0.0,309.0,97.0,94.5,500.5,565.0,2024-12-26T02:41:57.000000+0000,2024-12-26T12:03:49.000000+0000
2024-12-26,17.0,0.0,306.0,96.5,102.0,504.5,521.5,2024-12-27T00:44:22.000000+0000,2024-12-27T09:25:49.000000+0000
2024-12-27,6.0,0.0,386.0,158.0,90.0,634.0,640.0,2024-12-27T23:07:37.000000+0000,2024-12-28T09:08:37.000000+0000
2024-12-29,25.0,0.0,413.5,130.0,59.0,602.5,627.5,2024-12-30T00:24:51.000000+0000,2024-12-30T10:48:51.000000+0000
2024-12-31,9.0,0.0,342.5,103.0,113.0,558.5,567.5,2025-01-01T01:03:12.000000+0000,2025-01-01T10:33:10.000000+0000
2025-01-01,24.5,176.0,168.5,65.5,75.0,485.0,509.5,2025-01-02T02:32:05.000000+0000,2025-01-02T10:58:23.000000+0000
2025-01-02,79.0,104.0,225.0,68.5,45.5,443.0,522.0,2025-01-03T02:08:53.000000+0000,2025-01-03T10:43:31.000000+0000
2025-01-05,7.0,0.0,153.0,65.5,58.0,276.5,283.5,2025-01-06T01:30:41.000000+0000,2025-01-06T06:12:11.000000+0000
2025-01-07,2.5,0.0,215.5,53.5,76.5,345.5,348.0,2025-01-07T23:42:17.000000+0000,2025-01-08T05:24:17.000000+0000
2025-01-08,15.0,126.0,224.0,88.5,57.5,496.0,511.0,2025-01-08T23:21:28.000000+0000,2025-01-09T07:59:02.000000+0000
2025-01-09,6.0,133.0,208.5,71.5,59.5,472.5,478.5,2025-01-09T23:45:50.000000+0000,2025-01-10T07:06:10.000000+0000
2025-01-10,6.0,151.5,225.5,66.0,29.5,472.5,478.5,2025-01-11T00:26:01.000000+0000,2025-01-11T06:02:50.000000+0000
2025-01-11,83.0,0.0,294.0,115.0,93.5,502.5,585.5,2025-01-11T23:55:07.000000+0000,2025-01-12T09:37:48.000000+0000
2025-01-12,11.5,0.0,231.0,51.0,35.0,317.0,328.5,2025-01-13T00:06:11.000000+0000,2025-01-13T05:32:41.000000+0000
2025-01-13,1.0,0.0,253.5,112.5,87.0,453.0,454.0,2025-01-13T23:40:57.000000+0000,2025-01-14T06:44:27.000000+0000
2025-01-14,101.0,0.0,181.0,49.5,50.0,280.5,381.5,2025-01-14T23:08:25.000000+0000,2025-01-15T05:28:55.000000+0000
2025-01-15,23.0,136.0,208.5,102.0,84.0,530.5,553.5,2025-01-15T22:45:38.000000+0000,2025-01-16T07:56:14.000000+0000
2025-01-16,75.0,0.0,281.5,112.5,65.5,459.5,534.5,2025-01-16T23:10:09.000000+0000,2025-01-17T08:02:39.000000+0000
2025-01-17,13.5,61.0,218.5,74.0,47.0,400.5,414.0,2025-01-17T23:46:23.000000+0000,2025-01-18T06:43:32.000000+0000
2025-01-18,8.5,0.0,399.0,119.0,97.0,615.0,623.5,2025-01-18T23:08:58.000000+0000,2025-01-19T08:46:23.000000+0000
2025-01-20,6.5,94.0,235.5,82.5,36.0,448.0,454.5,2025-01-21T00:00:46.000000+0000,2025-01-21T07:28:25.000000+0000
2025-01-21,0.0,0.0,190.5,96.0,78.0,364.5,364.5,2025-01-21T23:23:26.000000+0000,2025-01-22T05:09:26.000000+0000
2025-01-22,7.5,0.0,313.0,105.0,69.0,487.0,494.5,2025-01-22T23:11:46.000000+0000,2025-01-23T07:14:46.000000+0000
2025-01-23,17.5,0.0,192.0,72.5,63.5,328.0,345.5,2025-01-23T23:44:22.000000+0000,2025-01-24T05:27:22.000000+0000
2025-01-24,15.0,0.0,233.0,140.5,53.5,427.0,442.0,2025-01-24T22:56:47.000000+0000,2025-01-25T06:15:47.000000+0000
2025-01-25,10.0,89.0,218.5,79.0,67.0,453.5,463.5,2025-01-25T23:25:26.000000+0000,2025-01-26T05:46:06.000000+0000
2025-01-26,10.0,136.5,174.0,77.5,58.0,446.0,456.0,2025-01-27T00:15:29.000000+0000,2025-01-27T07:58:21.000000+0000
2025-01-27,15.5,0.0,269.0,122.5,63.0,454.5,470.0,2025-01-27T22:59:46.000000+0000,2025-01-28T06:35:16.000000+0000
2025-01-28,2.0,0.0,210.0,100.0,59.0,369.0,371.0,2025-01-28T23:18:30.000000+0000,2025-01-29T05:29:00.000000+0000
2025-01-29,3.0,0.0,260.0,99.0,49.5,408.5,411.5,2025-01-29T22:38:04.000000+0000,2025-01-30T05:17:04.000000+0000
2025-01-30,12.0,91.0,179.0,96.0,69.0,435.0,447.0,2025-01-30T23:36:42.000000+0000,2025-01-31T07:05:42.000000+0000
2025-01-31,2.5,0.0,208.0,90.5,74.5,373.0,375.5,2025-02-01T02:22:48.000000+0000,2025-02-01T08:35:48.000000+0000
2025-02-01,12.0,145.5,183.0,70.0,81.0,479.5,491.5,2025-02-02T00:41:05.000000+0000,2025-02-02T08:52:16.000000+0000
2025-02-02,0.5,0.0,205.0,66.0,63.0,334.0,334.5,2025-02-03T00:16:49.000000+0000,2025-02-03T05:02:19.000000+0000
2025-02-03,13.5,0.0,267.0,94.0,63.5,424.5,438.0,2025-02-03T22:43:07.000000+0000,2025-02-04T06:00:07.000000+0000
2025-02-04,0.5,0.0,148.0,57.0,65.5,270.5,271.0,2025-02-04T23:32:25.000000+0000,2025-02-05T04:02:55.000000+0000
2025-02-05,20.5,124.0,297.0,100.5,24.0,545.5,566.0,2025-02-05T22:28:59.000000+0000,2025-02-06T07:55:36.000000+0000
2025-02-07,7.0,0.0,282.5,97.5,50.0,430.0,437.0,2025-02-07T22:24:54.000000+0000,2025-02-08T05:34:24.000000+0000
2025-02-09,25.0,0.0,284.0,86.0,74.5,444.5,469.5,2025-02-09T21:40:27.000000+0000,2025-02-10T04:45:27.000000+0000
2025-02-10,19.5,0.0,230.0,87.5,77.5,395.0,414.5,2025-02-10T22:56:13.000000+0000,2025-02-11T05:41:13.000000+0000
2025-02-11,42.0,0.0,251.0,83.5,68.5,403.0,445.0,2025-02-11T22:35:06.000000+0000,2025-02-12T05:56:06.000000+0000
2025-02-13,202.0,0.0,134.5,45.0,38.0,217.5,419.5,2025-02-13T22:30:16.000000+0000,2025-02-14T04:54:46.000000+0000
2025-02-14,1.0,0.0,176.5,72.5,56.0,305.0,306.0,2025-02-14T21:22:17.000000+0000,2025-02-15T02:15:47.000000+0000
2025-02-15,40.5,63.0,228.0,90.0,54.0,435.0,475.5,2025-02-16T00:26:34.000000+0000,2025-02-16T08:28:55.000000+0000
2025-02-16,13.0,0.0,292.0,126.0,83.5,501.5,514.5,2025-02-16T22:49:12.000000+0000,2025-02-17T07:08:12.000000+0000
2025-02-17,11.5,63.5,320.0,148.5,50.0,582.0,593.5,2025-02-17T22:05:59.000000+0000,2025-02-18T07:58:02.000000+0000
2025-02-18,10.5,0.0,241.0,85.5,64.0,390.5,401.0,2025-02-19T00:08:11.000000+0000,2025-02-19T06:47:11.000000+0000
2025-02-20,3.5,0.0,203.5,92.0,72.0,367.5,371.0,2025-02-21T00:38:33.000000+0000,2025-02-21T06:48:03.000000+0000
2025-02-22,11.5,0.0,284.5,76.5,69.5,430.5,442.0,2025-02-23T00:04:15.000000+0000,2025-02-23T07:18:45.000000+0000
2025-02-26,62.0,0.0,291.5,100.0,27.5,419.0,481.0,2025-02-26T23:09:09.000000+0000,2025-02-27T07:09:09.000000+0000
2025-02-27,75.5,118.0,294.5,79.5,43.5,535.5,611.0,2025-02-27T21:25:40.000000+0000,2025-02-28T07:38:38.000000+0000
2025-02-28,118.5,0.0,257.5,105.0,73.0,435.5,554.0,2025-02-28T21:20:55.000000+0000,2025-03-01T05:51:55.000000+0000
2025-03-01,60.5,0.0,277.5,92.0,46.0,415.5,476.0,2025-03-02T01:08:16.000000+0000,2025-03-02T09:02:46.000000+0000
2025-03-02,24.5,76.0,0.0,0.0,0.0,76.0,100.5,2025-03-03T18:12:48.000000+0000,2025-03-03T19:47:18.000000+0000
2025-03-04,11.5,0.0,293.5,90.0,57.5,441.0,452.5,2025-03-04T22:54:05.000000+0000,2025-03-05T06:24:35.000000+0000
2025-03-05,53.0,72.5,290.5,106.5,50.0,519.5,572.5,2025-03-05T21:30:51.000000+0000,2025-03-06T07:05:30.000000+0000
2025-03-06,2.0,0.0,237.5,100.0,69.0,406.5,408.5,2025-03-06T23:32:26.000000+0000,2025-03-07T06:08:26.000000+0000
2025-03-07,3.0,0.0,295.5,103.5,57.5,456.5,459.5,2025-03-07T22:20:16.000000+0000,2025-03-08T05:54:46.000000+0000
2025-03-08,27.5,124.5,160.0,89.0,75.0,448.5,476.0,2025-03-09T00:02:46.000000+0000,2025-03-09T07:53:46.000000+0000
2025-03-09,10.5,97.0,163.5,69.0,45.0,374.5,385.0,2025-03-10T00:57:29.000000+0000,2025-03-10T07:22:18.000000+0000
2025-03-11,20.0,69.0,158.5,116.5,78.5,422.5,442.5,2025-03-12T00:54:49.000000+0000,2025-03-12T08:20:01.000000+0000
2025-03-12,2.5,0.0,238.5,70.5,61.0,370.0,372.5,2025-03-13T01:21:30.000000+0000,2025-03-13T07:29:00.000000+0000
2025-03-15,12.0,85.0,199.5,91.5,95.5,471.5,483.5,2025-03-15T23:02:52.000000+0000,2025-03-16T07:01:36.000000+0000
2025-03-18,8.0,0.0,348.5,105.5,54.0,508.0,516.0,2025-03-18T22:21:55.000000+0000,2025-03-19T06:54:55.000000+0000
2025-03-19,33.5,73.5,253.0,92.5,64.5,483.5,517.0,2025-03-19T22:32:09.000000+0000,2025-03-20T07:42:36.000000+0000
2025-03-20,10.5,0.0,221.5,58.0,93.0,372.5,383.0,2025-03-20T23:07:35.000000+0000,2025-03-21T05:30:05.000000+0000
2025-03-21,9.5,81.5,255.5,110.0,51.5,498.5,508.0,2025-03-21T22:29:49.000000+0000,2025-03-22T07:01:06.000000+0000
2025-03-22,6.0,0.0,281.5,105.0,41.0,427.5,433.5,2025-03-22T23:36:28.000000+0000,2025-03-23T06:49:28.000000+0000
2025-03-23,1.0,0.0,169.0,74.0,85.5,328.5,329.5,2025-03-24T00:01:01.000000+0000,2025-03-24T04:54:01.000000+0000
2025-03-24,1.5,0.0,202.0,80.0,67.5,349.5,351.0,2025-03-25T00:33:00.000000+0000,2025-03-25T06:16:30.000000+0000
2025-03-25,5.0,0.0,152.0,43.0,73.0,268.0,273.0,2025-03-26T02:16:48.000000+0000,2025-03-26T06:47:48.000000+0000
2025-03-26,16.0,176.5,259.5,111.5,68.5,616.0,632.0,2025-03-26T21:29:27.000000+0000,2025-03-27T08:05:15.000000+0000
2025-03-27,84.0,0.0,216.0,81.0,47.5,344.5,428.5,2025-03-27T22:39:48.000000+0000,2025-03-28T05:43:48.000000+0000
2025-03-28,4.5,0.0,363.0,145.0,56.0,564.0,568.5,2025-03-28T20:08:27.000000+0000,2025-03-29T05:31:27.000000+0000
2025-03-29,107.5,108.5,242.5,96.5,58.5,506.0,613.5,2025-03-29T22:47:10.000000+0000,2025-03-30T09:05:32.000000+0000
2025-03-30,24.5,0.0,274.0,81.0,71.0,426.0,450.5,2025-03-30T21:57:38.000000+0000,2025-03-31T05:26:08.000000+0000
2025-03-31,2.0,0.0,265.0,107.0,69.5,441.5,443.5,2025-03-31T22:03:16.000000+0000,2025-04-01T05:09:16.000000+0000
2025-04-02,56.0,0.0,371.5,115.5,26.0,513.0,569.0,2025-04-02T20:21:11.000000+0000,2025-04-03T05:23:11.000000+0000
2025-04-03,10.0,0.0,311.5,102.5,46.5,460.5,470.5,2025-04-03T21:59:13.000000+0000,2025-04-04T05:42:43.000000+0000
2025-04-04,240.0,0.0,277.0,103.5,57.5,438.0,678.0,2025-04-04T20:21:34.000000+0000,2025-04-05T07:18:34.000000+0000
2025-04-05,144.5,65.5,292.0,96.5,59.0,513.0,657.5,2025-04-05T21:03:09.000000+0000,2025-04-06T08:01:54.000000+0000
2025-04-06,13.5,0.0,237.0,56.5,46.0,339.5,353.0,2025-04-06T22:18:22.000000+0000,2025-04-07T04:10:22.000000+0000
2025-04-07,12.0,0.0,283.5,115.5,56.0,455.0,467.0,2025-04-07T22:23:07.000000+0000,2025-04-08T06:09:37.000000+0000
2025-04-08,9.0,0.0,341.5,68.5,88.0,498.0,507.0,2025-04-08T21:44:59.000000+0000,2025-04-09T05:30:25.000000+0000
2025-04-10,19.5,0.0,317.5,91.5,57.5,466.5,486.0,2025-04-10T20:40:21.000000+0000,2025-04-11T04:42:21.000000+0000
2025-04-11,35.5,62.5,295.5,104.0,63.0,525.0,560.5,2025-04-11T21:34:30.000000+0000,2025-04-12T07:00:47.000000+0000
2025-04-12,75.0,0.0,345.5,140.0,44.0,529.5,604.5,2025-04-12T21:04:12.000000+0000,2025-04-13T07:05:12.000000+0000
2025-04-13,98.5,0.0,325.5,104.0,28.0,457.5,556.0,2025-04-13T20:43:51.000000+0000,2025-04-14T05:24:21.000000+0000
2025-04-14,10.5,0.0,231.0,81.0,62.5,374.5,385.0,2025-04-14T23:26:42.000000+0000,2025-04-15T05:36:12.000000+0000
2025-04-15,20.5,0.0,254.5,115.5,68.0,438.0,458.5,2025-04-15T22:11:28.000000+0000,2025-04-16T05:49:28.000000+0000
2025-04-16,13.0,0.0,299.5,122.0,69.5,491.0,504.0,2025-04-16T21:50:33.000000+0000,2025-04-17T06:14:03.000000+0000
2025-04-18,55.5,128.5,335.5,117.0,41.0,622.0,677.5,2025-04-18T20:59:46.000000+0000,2025-04-19T08:17:29.000000+0000
2025-04-19,8.0,0.0,358.5,95.0,49.0,502.5,510.5,2025-04-19T21:19:27.000000+0000,2025-04-20T05:39:27.000000+0000
2025-04-20,9.0,0.0,308.5,81.0,42.5,432.0,441.0,2025-04-20T22:44:59.000000+0000,2025-04-21T06:01:29.000000+0000
2025-04-21,19.0,0.0,199.0,71.0,61.5,331.5,350.5,2025-04-21T22:42:24.000000+0000,2025-04-22T04:30:54.000000+0000
2025-04-22,13.5,0.0,212.5,66.5,49.5,328.5,342.0,2025-04-22T22:43:07.000000+0000,2025-04-23T04:20:37.000000+0000
2025-04-23,21.5,0.0,234.5,91.5,70.5,396.5,418.0,2025-04-23T23:10:38.000000+0000,2025-04-24T06:06:38.000000+0000
2025-04-24,8.0,0.0,262.5,78.0,55.5,396.0,404.0,2025-04-24T23:31:54.000000+0000,2025-04-25T06:15:24.000000+0000
2025-04-25,3.5,0.0,134.0,33.0,68.5,235.5,239.0,2025-04-26T01:28:47.000000+0000,2025-04-26T05:26:47.000000+0000
2025-04-26,52.0,73.0,292.5,89.0,29.0,483.5,535.5,2025-04-26T22:18:36.000000+0000,2025-04-27T07:03:59.000000+0000
2025-04-27,9.5,0.0,207.5,52.0,43.5,303.0,312.5,2025-04-27T23:49:32.000000+0000,2025-04-28T04:59:02.000000+0000
2025-04-28,14.5,0.0,310.5,97.5,70.0,478.0,492.5,2025-04-28T21:38:04.000000+0000,2025-04-29T05:39:34.000000+0000
2025-04-29,8.5,0.0,257.5,82.5,37.0,377.0,385.5,2025-04-29T22:35:40.000000+0000,2025-04-30T04:29:10.000000+0000
2025-04-30,4.0,0.0,211.0,77.5,61.0,349.5,353.5,2025-04-30T20:19:18.000000+0000,2025-05-01T02:04:18.000000+0000
2025-05-01,5.5,0.0,312.5,133.0,59.5,505.0,510.5,2025-05-01T21:07:59.000000+0000,2025-05-02T05:35:29.000000+0000
2025-05-02,27.5,73.0,251.5,123.0,73.0,520.5,548.0,2025-05-02T22:15:04.000000+0000,2025-05-03T07:56:38.000000+0000
2025-05-03,9.5,62.0,239.5,87.5,67.0,456.0,465.5,2025-05-04T00:09:10.000000+0000,2025-05-04T07:53:24.000000+0000
2025-05-04,66.0,65.0,256.0,30.5,41.5,393.0,459.0,2025-05-04T23:28:01.000000+0000,2025-05-05T07:12:53.000000+0000
2025-05-05,50.0,0.0,274.0,82.5,88.5,445.0,495.0,2025-05-05T21:07:03.000000+0000,2025-05-06T05:21:03.000000+0000
2025-05-06,16.0,0.0,314.5,107.5,37.0,459.0,475.0,2025-05-06T21:54:43.000000+0000,2025-05-07T05:48:13.000000+0000
2025-05-07,7.0,0.0,246.0,96.5,39.0,381.5,388.5,2025-05-07T23:21:05.000000+0000,2025-05-08T05:04:35.000000+0000
